kind,n,m,structure,workload,threads,queries,build_ns,index_bytes,analytic_bytes,scratch_bytes,wall_ns,throughput_qps,p50_ns,p99_ns,chunk,spread,checksum
er,200000,3199860,adjmap,neighbors,1,200000,130703510,28708536,27812168,34216,34871814,5735290.97,87410,128715,512,1.0696,319905782570
er,200000,3199860,adjmap,neighbors,2,200000,130703510,28708536,27812168,68432,17694955,11302656.60,88213,127920,512,1.0379,319905782570
er,200000,3199860,adjmap,neighbors,4,200000,130703510,28708536,27812168,136864,9276944,21558823.68,88009,145281,512,1.0915,319905782570
er,200000,3199860,adjmap,neighbors,1,2000000,130703510,28708536,27812168,34216,352744509,5669826.03,86624,141176,512,1.0373,3200472418397
er,200000,3199860,adjmap,neighbors,2,2000000,130703510,28708536,27812168,68432,183928450,10873793.59,84431,159235,512,1.0746,3200472418397
er,200000,3199860,adjmap,neighbors,4,2000000,130703510,28708536,27812168,136864,90665140,22059194.97,85360,154987,512,1.0561,3200472418397
er,200000,3199860,adjmap,neighbors-batch,1,200000,130703510,28708536,27812168,34216,27695474,7221396.54,67796,110693,512,1.1467,319941116941
er,200000,3199860,adjmap,neighbors-batch,2,200000,130703510,28708536,27812168,68432,13532409,14779334.56,65153,112301,512,1.0767,319941116941
er,200000,3199860,adjmap,neighbors-batch,4,200000,130703510,28708536,27812168,136864,6721468,29755404.62,63768,114999,512,1.1287,319941116941
er,200000,3199860,adjmap,neighbors-batch,1,2000000,130703510,28708536,27812168,34216,285868776,6996217.03,68826,123564,512,1.0620,3200125771375
er,200000,3199860,adjmap,neighbors-batch,2,2000000,130703510,28708536,27812168,68432,130861436,15283341.38,63679,107785,512,1.1371,3200125771375
er,200000,3199860,adjmap,neighbors-batch,4,2000000,130703510,28708536,27812168,136864,68746477,29092399.89,64977,127041,512,1.1882,3200125771375
er,200000,3199860,adjmap,hasedge,1,200000,130703510,28708536,27812168,34216,30253233,6610863.71,293080,441307,2048,1.0298,100008
er,200000,3199860,adjmap,hasedge,2,200000,130703510,28708536,27812168,68432,13849784,14440658.42,273093,431123,2048,1.0511,100008
er,200000,3199860,adjmap,hasedge,4,200000,130703510,28708536,27812168,136864,6947302,28788154.02,269635,409755,2048,1.0382,100008
er,200000,3199860,adjmap,hasedge,1,2000000,130703510,28708536,27812168,34216,270013057,7407049.21,270046,380089,2048,1.1802,1000059
er,200000,3199860,adjmap,hasedge,2,2000000,130703510,28708536,27812168,68432,134252872,14897260.45,265164,350133,2048,1.0646,1000059
er,200000,3199860,adjmap,hasedge,4,2000000,130703510,28708536,27812168,136864,66178769,30221172.59,259716,384702,2048,1.0315,1000059
er,200000,3199860,adjlist,neighbors,1,200000,40934711,23012784,23012192,34216,34325961,5826493.83,83413,125153,512,1.0783,319905782570
er,200000,3199860,adjlist,neighbors,2,200000,40934711,23012784,23012192,68432,15549965,12861765.28,75476,119662,512,1.0851,319905782570
er,200000,3199860,adjlist,neighbors,4,200000,40934711,23012784,23012192,136864,8096051,24703401.70,77180,128086,512,1.1376,319905782570
er,200000,3199860,adjlist,neighbors,1,2000000,40934711,23012784,23012192,34216,356536626,5609521.87,86824,130363,512,1.0283,3200472418397
er,200000,3199860,adjlist,neighbors,2,2000000,40934711,23012784,23012192,68432,162959278,12273004.79,81014,127462,512,1.0792,3200472418397
er,200000,3199860,adjlist,neighbors,4,2000000,40934711,23012784,23012192,136864,79276890,25228033.04,76173,128959,512,1.1182,3200472418397
er,200000,3199860,adjlist,neighbors-batch,1,200000,40934711,23012784,23012192,34216,14716819,13589893.31,34432,81891,512,1.0669,319941116941
er,200000,3199860,adjlist,neighbors-batch,2,200000,40934711,23012784,23012192,68432,7094274,28191750.14,33144,81631,512,1.0709,319941116941
er,200000,3199860,adjlist,neighbors-batch,4,200000,40934711,23012784,23012192,136864,3490967,57290716.30,32584,78396,512,1.0661,319941116941
er,200000,3199860,adjlist,neighbors-batch,1,2000000,40934711,23012784,23012192,34216,163260316,12250374.43,37936,81233,512,1.0649,3200125771375
er,200000,3199860,adjlist,neighbors-batch,2,2000000,40934711,23012784,23012192,68432,71504058,27970440.50,33937,75756,512,1.0761,3200125771375
er,200000,3199860,adjlist,neighbors-batch,4,2000000,40934711,23012784,23012192,136864,35758703,55930440.21,33591,74871,512,1.0413,3200125771375
er,200000,3199860,adjlist,hasedge,1,200000,40934711,23012784,23012192,34216,15711979,12729141.25,148599,225867,2048,1.1570,100008
er,200000,3199860,adjlist,hasedge,2,200000,40934711,23012784,23012192,68432,7748196,25812460.09,146284,228928,2048,1.0480,100008
er,200000,3199860,adjlist,hasedge,4,200000,40934711,23012784,23012192,136864,4238672,47184589.89,148333,268222,2048,1.0619,100008
er,200000,3199860,adjlist,hasedge,1,2000000,40934711,23012784,23012192,34216,150938238,13250452.81,146062,229444,2048,1.0491,1000059
er,200000,3199860,adjlist,hasedge,2,2000000,40934711,23012784,23012192,68432,76183872,26252275.55,143152,248046,2048,1.2408,1000059
er,200000,3199860,adjlist,hasedge,4,2000000,40934711,23012784,23012192,136864,38174898,52390447.78,143423,257362,2048,1.1657,1000059
er,200000,3199860,adjlist-exact,neighbors,1,200000,29615127,18796192,17599464,34216,30086158,6647575.27,72717,112115,512,1.0268,319905782570
er,200000,3199860,adjlist-exact,neighbors,2,200000,29615127,18796192,17599464,68432,15243693,13120180.26,73691,117438,512,1.0440,319905782570
er,200000,3199860,adjlist-exact,neighbors,4,200000,29615127,18796192,17599464,136864,7740418,25838397.87,74670,124203,512,1.0303,319905782570
er,200000,3199860,adjlist-exact,neighbors,1,2000000,29615127,18796192,17599464,34216,335567057,5960060.61,80570,134525,512,1.0317,3200472418397
er,200000,3199860,adjlist-exact,neighbors,2,2000000,29615127,18796192,17599464,68432,152218174,13139035.55,75359,127822,512,1.0672,3200472418397
er,200000,3199860,adjlist-exact,neighbors,4,2000000,29615127,18796192,17599464,136864,76705832,26073636.75,74961,123578,512,1.0182,3200472418397
er,200000,3199860,adjlist-exact,neighbors-batch,1,200000,29615127,18796192,17599464,34216,13612928,14691916.39,31803,81062,512,1.0902,319941116941
er,200000,3199860,adjlist-exact,neighbors-batch,2,200000,29615127,18796192,17599464,68432,6806776,29382485.92,31929,73652,512,1.0166,319941116941
er,200000,3199860,adjlist-exact,neighbors-batch,4,200000,29615127,18796192,17599464,136864,3304144,60530049.54,31003,66568,512,1.0414,319941116941
er,200000,3199860,adjlist-exact,neighbors-batch,1,2000000,29615127,18796192,17599464,34216,142696432,14015767.40,33557,73502,512,1.1217,3200125771375
er,200000,3199860,adjlist-exact,neighbors-batch,2,2000000,29615127,18796192,17599464,68432,69055836,28962070.64,32259,76576,512,1.0455,3200125771375
er,200000,3199860,adjlist-exact,neighbors-batch,4,2000000,29615127,18796192,17599464,136864,34309931,58292160.37,32211,74345,512,1.0676,3200125771375
er,200000,3199860,adjlist-exact,hasedge,1,200000,29615127,18796192,17599464,34216,14726993,13580504.86,140634,200908,2048,1.0387,100008
er,200000,3199860,adjlist-exact,hasedge,2,200000,29615127,18796192,17599464,68432,7379084,27103635.09,142112,205187,2048,1.0426,100008
er,200000,3199860,adjlist-exact,hasedge,4,200000,29615127,18796192,17599464,136864,3775847,52968247.92,140454,224487,2048,1.0517,100008
er,200000,3199860,adjlist-exact,hasedge,1,2000000,29615127,18796192,17599464,34216,140037512,14281887.56,136207,198111,2048,1.0723,1000059
er,200000,3199860,adjlist-exact,hasedge,2,2000000,29615127,18796192,17599464,68432,66704313,29983068.71,128154,191343,2048,1.2215,1000059
er,200000,3199860,adjlist-exact,hasedge,4,2000000,29615127,18796192,17599464,136864,37073341,53947120.65,139860,270033,2048,1.0544,1000059
er,200000,3199860,csr,neighbors,1,200000,30929896,13607056,13599492,34216,22835371,8758342.49,55108,94736,512,1.0792,319905782570
er,200000,3199860,csr,neighbors,2,200000,30929896,13607056,13599492,68432,12881179,15526529.05,63603,120182,512,1.0607,319905782570
er,200000,3199860,csr,neighbors,4,200000,30929896,13607056,13599492,136864,6454341,30986897.04,61737,109078,512,1.0413,319905782570
er,200000,3199860,csr,neighbors,1,2000000,30929896,13607056,13599492,34216,266151119,7514527.86,63756,106595,512,1.0445,3200472418397
er,200000,3199860,csr,neighbors,2,2000000,30929896,13607056,13599492,68432,124597498,16051686.69,61262,104925,512,1.1013,3200472418397
er,200000,3199860,csr,neighbors,4,2000000,30929896,13607056,13599492,136864,64007842,31246171.37,62071,107519,512,1.0388,3200472418397
er,200000,3199860,csr,neighbors-batch,1,200000,30929896,13607056,13599492,34216,10744104,18614860.76,25300,68942,512,1.1411,319941116941
er,200000,3199860,csr,neighbors-batch,2,200000,30929896,13607056,13599492,68432,5257671,38039656.72,24910,57003,512,1.0981,319941116941
er,200000,3199860,csr,neighbors-batch,4,200000,30929896,13607056,13599492,136864,2729512,73273171.17,25533,58790,512,1.0643,319941116941
er,200000,3199860,csr,neighbors-batch,1,2000000,30929896,13607056,13599492,34216,149871012,13344808.80,35577,80818,512,1.1836,3200125771375
er,200000,3199860,csr,neighbors-batch,2,2000000,30929896,13607056,13599492,68432,66205190,30209112.00,32423,72920,512,1.2614,3200125771375
er,200000,3199860,csr,neighbors-batch,4,2000000,30929896,13607056,13599492,136864,32533671,61474771.78,31365,73635,512,1.1414,3200125771375
er,200000,3199860,csr,hasedge,1,200000,30929896,13607056,13599492,34216,16370856,12216832.16,161538,229639,2048,1.1486,100008
er,200000,3199860,csr,hasedge,2,200000,30929896,13607056,13599492,68432,9012094,22192400.57,173746,259357,2048,1.2155,100008
er,200000,3199860,csr,hasedge,4,200000,30929896,13607056,13599492,136864,4393797,45518716.50,164442,241440,2048,1.1029,100008
er,200000,3199860,csr,hasedge,1,2000000,30929896,13607056,13599492,34216,170258795,11746823.42,172987,233466,2048,1.0613,1000059
er,200000,3199860,csr,hasedge,2,2000000,30929896,13607056,13599492,68432,83828592,23858208.19,167724,235117,2048,1.1900,1000059
er,200000,3199860,csr,hasedge,4,2000000,30929896,13607056,13599492,136864,44130205,45320433.02,168777,286292,2048,1.0310,1000059
er,200000,3199860,csr-slices,neighbors,1,200000,39098416,17604656,17599488,34216,43100267,4640342.48,106611,174371,512,1.0350,319905782570
er,200000,3199860,csr-slices,neighbors,2,200000,39098416,17604656,17599488,68432,20336410,9834577.49,97423,168167,512,1.0651,319905782570
er,200000,3199860,csr-slices,neighbors,4,200000,39098416,17604656,17599488,136864,9872874,20257525.82,96639,142145,512,1.0872,319905782570
er,200000,3199860,csr-slices,neighbors,1,2000000,39098416,17604656,17599488,34216,317266923,6303840.25,76273,125479,512,1.2719,3200472418397
er,200000,3199860,csr-slices,neighbors,2,2000000,39098416,17604656,17599488,68432,159640715,12528132.31,76676,124470,512,1.0276,3200472418397
er,200000,3199860,csr-slices,neighbors,4,2000000,39098416,17604656,17599488,136864,80956433,24704645.77,77902,130702,512,1.0273,3200472418397
er,200000,3199860,csr-slices,neighbors-batch,1,200000,39098416,17604656,17599488,34216,13817568,14474327.18,32384,76930,512,1.0265,319941116941
er,200000,3199860,csr-slices,neighbors-batch,2,200000,39098416,17604656,17599488,68432,7029946,28449720.67,32322,72787,512,1.0193,319941116941
er,200000,3199860,csr-slices,neighbors-batch,4,200000,39098416,17604656,17599488,136864,3460355,57797538.11,31641,80656,512,1.2359,319941116941
er,200000,3199860,csr-slices,neighbors-batch,1,2000000,39098416,17604656,17599488,34216,126030253,15869205.63,29689,66393,512,1.1156,3200125771375
er,200000,3199860,csr-slices,neighbors-batch,2,2000000,39098416,17604656,17599488,68432,66488986,30080169.97,31407,73805,512,1.0864,3200125771375
er,200000,3199860,csr-slices,neighbors-batch,4,2000000,39098416,17604656,17599488,136864,33832478,59114794.96,31881,72340,512,1.0483,3200125771375
er,200000,3199860,csr-slices,hasedge,1,200000,39098416,17604656,17599488,34216,15097746,13247010.51,145953,206117,2048,1.0374,100008
er,200000,3199860,csr-slices,hasedge,2,200000,39098416,17604656,17599488,68432,7280299,27471399.18,137695,238523,2048,1.1451,100008
er,200000,3199860,csr-slices,hasedge,4,200000,39098416,17604656,17599488,136864,3817184,52394644.85,139589,219881,2048,1.2911,100008
er,200000,3199860,csr-slices,hasedge,1,2000000,39098416,17604656,17599488,34216,148639520,13455371.76,141154,229031,2048,1.0972,1000059
er,200000,3199860,csr-slices,hasedge,2,2000000,39098416,17604656,17599488,68432,72582511,27554847.20,138910,212572,2048,1.0596,1000059
er,200000,3199860,csr-slices,hasedge,4,2000000,39098416,17604656,17599488,136864,35807117,55854817.91,137262,210025,2048,1.0450,1000059
er,200000,3199860,edgelist,neighbors,1,200000,16629092,25600048,25598904,34216,80974753,2469905.65,194542,319635,512,1.1059,319905782570
er,200000,3199860,edgelist,neighbors,2,200000,16629092,25600048,25598904,68432,43813650,4564787.46,214791,305047,512,1.0139,319905782570
er,200000,3199860,edgelist,neighbors,4,200000,16629092,25600048,25598904,136864,21970889,9102954.37,213679,343588,512,1.0605,319905782570
er,200000,3199860,edgelist,neighbors,1,2000000,16629092,25600048,25598904,34216,869025049,2301429.63,216501,275062,512,1.0275,3200472418397
er,200000,3199860,edgelist,neighbors,2,2000000,16629092,25600048,25598904,68432,408895630,4891223.71,202054,275593,512,1.0977,3200472418397
er,200000,3199860,edgelist,neighbors,4,2000000,16629092,25600048,25598904,136864,217007395,9216275.79,214237,307931,512,1.0159,3200472418397
er,200000,3199860,edgelist,neighbors-batch,1,200000,16629092,25600048,25598904,34216,89055979,2245778.47,220450,293514,512,1.0209,319941116941
er,200000,3199860,edgelist,neighbors-batch,2,200000,16629092,25600048,25598904,68432,44573479,4486973.07,217642,293794,512,1.0225,319941116941
er,200000,3199860,edgelist,neighbors-batch,4,200000,16629092,25600048,25598904,136864,23112919,8653169.25,226130,313868,512,1.0375,319941116941
er,200000,3199860,edgelist,neighbors-batch,1,2000000,16629092,25600048,25598904,34216,866389148,2308431.50,215851,289750,512,1.0407,3200125771375
er,200000,3199860,edgelist,neighbors-batch,2,2000000,16629092,25600048,25598904,68432,422917344,4729056.47,206317,274150,512,1.0343,3200125771375
er,200000,3199860,edgelist,neighbors-batch,4,2000000,16629092,25600048,25598904,136864,215513506,9280160.85,210382,310402,512,1.0426,3200125771375
er,200000,3199860,edgelist,hasedge,1,200000,16629092,25600048,25598904,34216,65439629,3056252.05,662957,769084,2048,1.0508,100008
er,200000,3199860,edgelist,hasedge,2,200000,16629092,25600048,25598904,68432,33515064,5967465.85,679936,849370,2048,1.0279,100008
er,200000,3199860,edgelist,hasedge,4,200000,16629092,25600048,25598904,136864,16746946,11942475.96,662032,979731,2048,1.0302,100008
er,200000,3199860,edgelist,hasedge,1,2000000,16629092,25600048,25598904,34216,681784954,2933476.29,692307,868538,2048,1.0540,1000059
er,200000,3199860,edgelist,hasedge,2,2000000,16629092,25600048,25598904,68432,346986527,5763912.56,700636,892420,2048,1.0307,1000059
er,200000,3199860,edgelist,hasedge,4,2000000,16629092,25600048,25598904,136864,172635640,11585093.32,695506,922521,2048,1.0660,1000059
er,200000,3199860,varint-csr,neighbors,1,200000,63498653,9306176,9303348,34216,40666220,4918086.81,98214,147927,512,1.0323,319905782570
er,200000,3199860,varint-csr,neighbors,2,200000,63498653,9306176,9303348,68432,20893417,9572393.07,100150,157540,512,1.0451,319905782570
er,200000,3199860,varint-csr,neighbors,4,200000,63498653,9306176,9303348,136864,10638186,18800197.70,103856,153636,512,1.0457,319905782570
er,200000,3199860,varint-csr,neighbors,1,2000000,63498653,9306176,9303348,34216,437909738,4567151.23,107187,158804,512,1.0769,3200472418397
er,200000,3199860,varint-csr,neighbors,2,2000000,63498653,9306176,9303348,68432,206994206,9662106.19,100502,154220,512,1.0456,3200472418397
er,200000,3199860,varint-csr,neighbors,4,2000000,63498653,9306176,9303348,136864,107792533,18554160.89,104341,162951,512,1.0213,3200472418397
er,200000,3199860,varint-csr,neighbors-batch,1,200000,63498653,9306176,9303348,34216,43940177,4551643.02,108542,144397,512,1.0743,319941116941
er,200000,3199860,varint-csr,neighbors-batch,2,200000,63498653,9306176,9303348,68432,22143010,9032195.71,108416,153402,512,1.0409,319941116941
er,200000,3199860,varint-csr,neighbors-batch,4,200000,63498653,9306176,9303348,136864,11005735,18172343.78,108113,152927,512,1.0703,319941116941
er,200000,3199860,varint-csr,neighbors-batch,1,2000000,63498653,9306176,9303348,34216,402833980,4964824.47,99644,138675,512,1.1009,3200125771375
er,200000,3199860,varint-csr,neighbors-batch,2,2000000,63498653,9306176,9303348,68432,218315002,9161074.51,107823,151367,512,1.0145,3200125771375
er,200000,3199860,varint-csr,neighbors-batch,4,2000000,63498653,9306176,9303348,136864,107379966,18625448.25,105703,153903,512,1.0392,3200125771375
er,200000,3199860,varint-csr,hasedge,1,200000,63498653,9306176,9303348,34216,32623430,6130563.22,324746,432796,2048,1.6472,100008
er,200000,3199860,varint-csr,hasedge,2,200000,63498653,9306176,9303348,68432,15926255,12557880.05,316365,482238,2048,1.0172,100008
er,200000,3199860,varint-csr,hasedge,4,200000,63498653,9306176,9303348,136864,8154455,24526470.50,320135,561578,2048,1.0264,100008
er,200000,3199860,varint-csr,hasedge,1,2000000,63498653,9306176,9303348,34216,307605938,6501825.07,308460,412656,2048,1.0533,1000059
er,200000,3199860,varint-csr,hasedge,2,2000000,63498653,9306176,9303348,68432,157687419,12683320.03,316627,402409,2048,1.1029,1000059
er,200000,3199860,varint-csr,hasedge,4,2000000,63498653,9306176,9303348,136864,82775272,24161805.23,329255,447719,2048,1.0475,1000059
er,200000,3199860,hybrid,neighbors,1,200000,46155847,14437232,14424564,34216,27811939,7191156.29,64951,117554,512,1.0547,319905782570
er,200000,3199860,hybrid,neighbors,2,200000,46155847,14437232,14424564,68432,13031331,15347626.42,63075,110702,512,1.0876,319905782570
er,200000,3199860,hybrid,neighbors,4,200000,46155847,14437232,14424564,136864,6933446,28845685.10,62573,122639,512,1.0330,319905782570
er,200000,3199860,hybrid,neighbors,1,2000000,46155847,14437232,14424564,34216,266373620,7508251.00,63193,110461,512,1.0383,3200472418397
er,200000,3199860,hybrid,neighbors,2,2000000,46155847,14437232,14424564,68432,128070011,15616458.41,61770,109708,512,1.1464,3200472418397
er,200000,3199860,hybrid,neighbors,4,2000000,46155847,14437232,14424564,136864,65173270,30687427.53,62000,113745,512,1.0594,3200472418397
er,200000,3199860,hybrid,neighbors-batch,1,200000,46155847,14437232,14424564,34216,12799179,15626002.26,29377,69646,512,1.0730,319941116941
er,200000,3199860,hybrid,neighbors-batch,2,200000,46155847,14437232,14424564,68432,6536259,30598542.68,29517,75723,512,1.1450,319941116941
er,200000,3199860,hybrid,neighbors-batch,4,200000,46155847,14437232,14424564,136864,3351530,59674238.33,28583,67258,512,1.0938,319941116941
er,200000,3199860,hybrid,neighbors-batch,1,2000000,46155847,14437232,14424564,34216,121979221,16396235.22,28860,66926,512,1.0854,3200125771375
er,200000,3199860,hybrid,neighbors-batch,2,2000000,46155847,14437232,14424564,68432,62512356,31993674.98,28863,73397,512,1.0578,3200125771375
er,200000,3199860,hybrid,neighbors-batch,4,2000000,46155847,14437232,14424564,136864,32257660,62000777.49,28986,76979,512,1.1490,3200125771375
er,200000,3199860,hybrid,hasedge,1,200000,46155847,14437232,14424564,34216,13914687,14373302.11,133380,187137,2048,1.6838,100008
er,200000,3199860,hybrid,hasedge,2,200000,46155847,14437232,14424564,68432,7586344,26363159.91,141052,289255,2048,1.1704,100008
er,200000,3199860,hybrid,hasedge,4,200000,46155847,14437232,14424564,136864,4054239,49331082.85,144919,249574,2048,1.1402,100008
er,200000,3199860,hybrid,hasedge,1,2000000,46155847,14437232,14424564,34216,138257430,14465768.68,131943,222128,2048,1.1000,1000059
er,200000,3199860,hybrid,hasedge,2,2000000,46155847,14437232,14424564,68432,71226385,28079482.06,140138,205977,2048,1.2297,1000059
er,200000,3199860,hybrid,hasedge,4,2000000,46155847,14437232,14424564,136864,35912029,55691645.83,136368,242219,2048,1.1294,1000059
er,1000000,15999866,adjmap,neighbors,1,200000,1114161156,174762944,139080432,134216,93816006,2131832.39,240654,307177,512,1.0378,1600556701727
er,1000000,15999866,adjmap,neighbors,2,200000,1114161156,174762944,139080432,268432,41379191,4833347.27,207960,298187,512,1.0467,1600556701727
er,1000000,15999866,adjmap,neighbors,4,200000,1114161156,174762944,139080432,536864,19100893,10470714.64,184299,320021,512,1.0660,1600556701727
er,1000000,15999866,adjmap,neighbors,1,2000000,1114161156,174762944,139080432,134216,897214746,2229120.74,220843,346856,512,1.1245,16002338681023
er,1000000,15999866,adjmap,neighbors,2,2000000,1114161156,174762944,139080432,268432,428524711,4667175.42,215115,320651,512,1.0431,16002338681023
er,1000000,15999866,adjmap,neighbors,4,2000000,1114161156,174762944,139080432,536864,199267620,10036753.59,199564,297221,512,1.1081,16002338681023
er,1000000,15999866,adjmap,neighbors-batch,1,200000,1114161156,174762944,139080432,134216,50779072,3938630.47,123574,175591,512,1.0623,1601300666071
er,1000000,15999866,adjmap,neighbors-batch,2,200000,1114161156,174762944,139080432,268432,22894691,8735649.68,110642,167461,512,1.0507,1601300666071
er,1000000,15999866,adjmap,neighbors-batch,4,200000,1114161156,174762944,139080432,536864,9559052,20922576.84,92158,142875,512,1.1576,1601300666071
er,1000000,15999866,adjmap,neighbors-batch,1,2000000,1114161156,174762944,139080432,134216,573180354,3489303.12,142616,202618,512,1.0548,16008090976901
er,1000000,15999866,adjmap,neighbors-batch,2,2000000,1114161156,174762944,139080432,268432,263843392,7580254.27,125296,222553,512,1.4953,16008090976901
er,1000000,15999866,adjmap,neighbors-batch,4,2000000,1114161156,174762944,139080432,536864,118416216,16889578.70,112576,218360,512,1.1723,16008090976901
er,1000000,15999866,adjmap,hasedge,1,200000,1114161156,174762944,139080432,134216,49822407,4014258.08,502869,673086,2048,1.0461,100001
er,1000000,15999866,adjmap,hasedge,2,200000,1114161156,174762944,139080432,268432,23795612,8404910.96,470904,643659,2048,1.0633,100001
er,1000000,15999866,adjmap,hasedge,4,200000,1114161156,174762944,139080432,536864,11651959,17164495.69,460873,630051,2048,1.0741,100001
er,1000000,15999866,adjmap,hasedge,1,2000000,1114161156,174762944,139080432,134216,490661708,4076128.15,499126,675465,2048,1.1351,1000017
er,1000000,15999866,adjmap,hasedge,2,2000000,1114161156,174762944,139080432,268432,246120655,8126095.72,496806,712517,2048,1.0878,1000017
er,1000000,15999866,adjmap,hasedge,4,2000000,1114161156,174762944,139080432,536864,118699667,16849246.93,472002,730172,2048,1.0403,1000017
er,1000000,15999866,adjlist,neighbors,1,200000,230195666,115083232,115080456,134216,80048598,2498482.23,197701,273673,512,1.0607,1600556701727
er,1000000,15999866,adjlist,neighbors,2,200000,230195666,115083232,115080456,268432,36109960,5538638.09,179002,245445,512,1.1122,1600556701727
er,1000000,15999866,adjlist,neighbors,4,200000,230195666,115083232,115080456,536864,16798723,11905666.88,147889,421079,512,1.1075,1600556701727
er,1000000,15999866,adjlist,neighbors,1,2000000,230195666,115083232,115080456,134216,766461303,2609394.62,191062,244045,512,1.0965,16002338681023
er,1000000,15999866,adjlist,neighbors,2,2000000,230195666,115083232,115080456,268432,403523917,4956335.71,200996,264740,512,1.0381,16002338681023
er,1000000,15999866,adjlist,neighbors,4,2000000,230195666,115083232,115080456,536864,145365301,13758441.57,142470,204748,512,1.2327,16002338681023
er,1000000,15999866,adjlist,neighbors-batch,1,200000,230195666,115083232,115080456,134216,26872514,7442548.92,64192,107038,512,1.1108,1601300666071
er,1000000,15999866,adjlist,neighbors-batch,2,200000,230195666,115083232,115080456,268432,13080696,15289706.30,61964,107311,512,1.1766,1601300666071
er,1000000,15999866,adjlist,neighbors-batch,4,200000,230195666,115083232,115080456,536864,5205866,38418199.78,48367,89048,512,1.2044,1601300666071
er,1000000,15999866,adjlist,neighbors-batch,1,2000000,230195666,115083232,115080456,134216,306383094,6527775.32,74328,117160,512,1.1170,16008090976901
er,1000000,15999866,adjlist,neighbors-batch,2,2000000,230195666,115083232,115080456,268432,130211422,15359635.65,62701,108460,512,1.1802,16008090976901
er,1000000,15999866,adjlist,neighbors-batch,4,2000000,230195666,115083232,115080456,536864,56541469,35372268.10,53202,109996,512,1.0917,16008090976901
er,1000000,15999866,adjlist,hasedge,1,200000,230195666,115083232,115080456,134216,26206304,7631751.51,253282,507321,2048,1.0361,100001
er,1000000,15999866,adjlist,hasedge,2,200000,230195666,115083232,115080456,268432,11645135,17174554.01,227114,318632,2048,1.0993,100001
er,1000000,15999866,adjlist,hasedge,4,200000,230195666,115083232,115080456,536864,5322425,37576856.41,199600,317135,2048,1.1171,100001
er,1000000,15999866,adjlist,hasedge,1,2000000,230195666,115083232,115080456,134216,264894982,7550161.90,260512,418333,2048,1.1098,1000017
er,1000000,15999866,adjlist,hasedge,2,2000000,230195666,115083232,115080456,268432,118193752,16921368.23,229020,343707,2048,1.0774,1000017
er,1000000,15999866,adjlist,hasedge,4,2000000,230195666,115083232,115080456,536864,56548967,35367577.98,223163,324291,2048,1.0432,1000017
er,1000000,15999866,adjlist-exact,neighbors,1,200000,144394271,93972008,87999488,134216,71017319,2816214.45,175943,241973,512,1.1282,1600556701727
er,1000000,15999866,adjlist-exact,neighbors,2,200000,144394271,93972008,87999488,268432,33055127,6050498.61,161247,245386,512,1.1251,1600556701727
er,1000000,15999866,adjlist-exact,neighbors,4,200000,144394271,93972008,87999488,536864,13490547,14825195.75,130706,185428,512,1.1104,1600556701727
er,1000000,15999866,adjlist-exact,neighbors,1,2000000,144394271,93972008,87999488,134216,709813545,2817641.36,177640,229282,512,1.0875,16002338681023
er,1000000,15999866,adjlist-exact,neighbors,2,2000000,144394271,93972008,87999488,268432,296092312,6754650.22,145727,205279,512,1.1020,16002338681023
er,1000000,15999866,adjlist-exact,neighbors,4,2000000,144394271,93972008,87999488,536864,112770771,17735092.01,109471,179423,512,1.1137,16002338681023
er,1000000,15999866,adjlist-exact,neighbors-batch,1,200000,144394271,93972008,87999488,134216,26014799,7687931.78,62513,109465,512,1.7628,1601300666071
er,1000000,15999866,adjlist-exact,neighbors-batch,2,200000,144394271,93972008,87999488,268432,10083934,19833529.26,46786,99475,512,1.1284,1601300666071
er,1000000,15999866,adjlist-exact,neighbors-batch,4,200000,144394271,93972008,87999488,536864,4189942,47733357.65,38358,78881,512,1.5032,1601300666071
er,1000000,15999866,adjlist-exact,neighbors-batch,1,2000000,144394271,93972008,87999488,134216,249743040,8008231.18,60434,98124,512,1.2556,16008090976901
er,1000000,15999866,adjlist-exact,neighbors-batch,2,2000000,144394271,93972008,87999488,268432,100955798,19810650.20,48031,96616,512,1.2791,16008090976901
er,1000000,15999866,adjlist-exact,neighbors-batch,4,2000000,144394271,93972008,87999488,536864,48392310,41328880.56,45084,94753,512,1.2190,16008090976901
er,1000000,15999866,adjlist-exact,hasedge,1,200000,144394271,93972008,87999488,134216,21034242,9508305.55,201698,312891,2048,1.0422,100001
er,1000000,15999866,adjlist-exact,hasedge,2,200000,144394271,93972008,87999488,268432,8742686,22876264.80,169937,238890,2048,1.0914,100001
er,1000000,15999866,adjlist-exact,hasedge,4,200000,144394271,93972008,87999488,536864,4421640,45232085.83,167121,234989,2048,1.0613,100001
er,1000000,15999866,adjlist-exact,hasedge,1,2000000,144394271,93972008,87999488,134216,226339306,8836291.12,220409,313128,2048,1.1830,1000017
er,1000000,15999866,adjlist-exact,hasedge,2,2000000,144394271,93972008,87999488,268432,107777293,18556784.50,211387,289515,2048,1.1560,1000017
er,1000000,15999866,adjlist-exact,hasedge,4,2000000,144394271,93972008,87999488,536864,47126360,42439093.53,181769,279732,2048,1.0992,1000017
er,1000000,15999866,csr,neighbors,1,200000,148187406,68010032,67999516,134216,48589159,4116144.51,118230,168312,512,1.0743,1600556701727
er,1000000,15999866,csr,neighbors,2,200000,148187406,68010032,67999516,268432,27953540,7154728.88,112319,314710,512,1.1029,1600556701727
er,1000000,15999866,csr,neighbors,4,200000,148187406,68010032,67999516,536864,9852902,20298588.17,94518,155993,512,1.0499,1600556701727
er,1000000,15999866,csr,neighbors,1,2000000,148187406,68010032,67999516,134216,431264089,4637529.65,105685,156282,512,1.1348,16002338681023
er,1000000,15999866,csr,neighbors,2,2000000,148187406,68010032,67999516,268432,188762567,10595321.05,92803,148187,512,1.0613,16002338681023
er,1000000,15999866,csr,neighbors,4,2000000,148187406,68010032,67999516,536864,93393050,21414869.74,90720,152109,512,1.0324,16002338681023
er,1000000,15999866,csr,neighbors-batch,1,200000,148187406,68010032,67999516,134216,17746084,11270092.04,42185,82835,512,1.0587,1601300666071
er,1000000,15999866,csr,neighbors-batch,2,200000,148187406,68010032,67999516,268432,7190424,27814771.42,34876,73171,512,1.2546,1601300666071
er,1000000,15999866,csr,neighbors-batch,4,200000,148187406,68010032,67999516,536864,3663941,54586031.82,34204,76880,512,1.0168,1601300666071
er,1000000,15999866,csr,neighbors-batch,1,2000000,148187406,68010032,67999516,134216,201907445,9905528.74,48557,86886,512,1.2645,16008090976901
er,1000000,15999866,csr,neighbors-batch,2,2000000,148187406,68010032,67999516,268432,93104366,21481269.74,43192,96310,512,1.0698,16008090976901
er,1000000,15999866,csr,neighbors-batch,4,2000000,148187406,68010032,67999516,536864,42629183,46916217.00,39895,87686,512,1.0390,16008090976901
er,1000000,15999866,csr,hasedge,1,200000,148187406,68010032,67999516,134216,17435821,11470638.52,167387,231710,2048,1.0712,100001
er,1000000,15999866,csr,hasedge,2,200000,148187406,68010032,67999516,268432,8589561,23284077.03,161726,255574,2048,1.0410,100001
er,1000000,15999866,csr,hasedge,4,200000,148187406,68010032,67999516,536864,4221009,47382035.91,157139,233229,2048,1.0349,100001
er,1000000,15999866,csr,hasedge,1,2000000,148187406,68010032,67999516,134216,198637629,10068585.75,191954,291335,2048,1.0961,1000017
er,1000000,15999866,csr,hasedge,2,2000000,148187406,68010032,67999516,268432,85876597,23289232.11,164655,256469,2048,1.1388,1000017
er,1000000,15999866,csr,hasedge,4,2000000,148187406,68010032,67999516,536864,42531715,47023732.76,162545,247608,2048,1.0631,1000017
er,1000000,15999866,csr-slices,neighbors,1,200000,145436814,88006704,87999512,134216,65851191,3037150.84,163386,245725,512,1.1414,1600556701727
er,1000000,15999866,csr-slices,neighbors,2,200000,145436814,88006704,87999512,268432,30350418,6589695.07,148332,210880,512,1.1141,1600556701727
er,1000000,15999866,csr-slices,neighbors,4,200000,145436814,88006704,87999512,536864,12932357,15465084.98,121379,216306,512,1.1342,1600556701727
er,1000000,15999866,csr-slices,neighbors,1,2000000,145436814,88006704,87999512,134216,690652600,2895811.87,171925,229834,512,1.1321,16002338681023
er,1000000,15999866,csr-slices,neighbors,2,2000000,145436814,88006704,87999512,268432,232707372,8594484.92,115399,167614,512,1.3906,16002338681023
er,1000000,15999866,csr-slices,neighbors,4,2000000,145436814,88006704,87999512,536864,104251403,19184394.09,101798,153042,512,1.0934,16002338681023
er,1000000,15999866,csr-slices,neighbors-batch,1,200000,145436814,88006704,87999512,134216,21542516,9283966.65,50864,96011,512,1.0915,1601300666071
er,1000000,15999866,csr-slices,neighbors-batch,2,200000,145436814,88006704,87999512,268432,9462784,21135429.07,43726,97065,512,1.1702,1601300666071
er,1000000,15999866,csr-slices,neighbors-batch,4,200000,145436814,88006704,87999512,536864,4217201,47424820.40,38795,83169,512,1.1246,1601300666071
er,1000000,15999866,csr-slices,neighbors-batch,1,2000000,145436814,88006704,87999512,134216,256530458,7796345.18,60980,112418,512,1.1647,16008090976901
er,1000000,15999866,csr-slices,neighbors-batch,2,2000000,145436814,88006704,87999512,268432,120370489,16615368.24,57486,104680,512,1.0444,16008090976901
er,1000000,15999866,csr-slices,neighbors-batch,4,2000000,145436814,88006704,87999512,536864,48645515,41113759.41,45338,94603,512,1.1670,16008090976901
er,1000000,15999866,csr-slices,hasedge,1,200000,145436814,88006704,87999512,134216,19702964,10150757.01,189947,290791,2048,1.1552,100001
er,1000000,15999866,csr-slices,hasedge,2,200000,145436814,88006704,87999512,268432,10578348,18906543.82,201356,349837,2048,1.0464,100001
er,1000000,15999866,csr-slices,hasedge,4,200000,145436814,88006704,87999512,536864,5077596,39388718.60,182716,392327,2048,1.3665,100001
er,1000000,15999866,csr-slices,hasedge,1,2000000,145436814,88006704,87999512,134216,225976081,8850494.23,225416,290024,2048,1.1406,1000017
er,1000000,15999866,csr-slices,hasedge,2,2000000,145436814,88006704,87999512,268432,101346516,19734274.83,201335,276412,2048,1.0956,1000017
er,1000000,15999866,csr-slices,hasedge,4,2000000,145436814,88006704,87999512,536864,46720020,42808200.85,179677,266372,2048,1.0833,1000017
er,1000000,15999866,edgelist,neighbors,1,200000,84214612,128000032,127998952,134216,147664428,1354422.34,365030,464296,512,1.0387,1600556701727
er,1000000,15999866,edgelist,neighbors,2,200000,84214612,128000032,127998952,268432,65933280,3033369.49,327740,460133,512,1.0549,1600556701727
er,1000000,15999866,edgelist,neighbors,4,200000,84214612,128000032,127998952,536864,32864074,6085672.76,325781,442079,512,1.0372,1600556701727
er,1000000,15999866,edgelist,neighbors,1,2000000,84214612,128000032,127998952,134216,1327322018,1506793.36,334357,411510,512,1.1635,16002338681023
er,1000000,15999866,edgelist,neighbors,2,2000000,84214612,128000032,127998952,268432,670310637,2983691.28,341763,435815,512,1.0829,16002338681023
er,1000000,15999866,edgelist,neighbors,4,2000000,84214612,128000032,127998952,536864,318165262,6286041.37,319793,455773,512,1.0572,16002338681023
er,1000000,15999866,edgelist,neighbors-batch,1,200000,84214612,128000032,127998952,134216,131022813,1526451.73,327453,411151,512,1.1655,1601300666071
er,1000000,15999866,edgelist,neighbors-batch,2,200000,84214612,128000032,127998952,268432,71325743,2804036.69,359308,441432,512,1.0430,1601300666071
er,1000000,15999866,edgelist,neighbors-batch,4,200000,84214612,128000032,127998952,536864,33419348,5984557.21,332271,451462,512,1.0376,1601300666071
er,1000000,15999866,edgelist,neighbors-batch,1,2000000,84214612,128000032,127998952,134216,1286352787,1554783.43,320518,421091,512,1.0805,16008090976901
er,1000000,15999866,edgelist,neighbors-batch,2,2000000,84214612,128000032,127998952,268432,658926311,3035240.76,330778,420431,512,1.0600,16008090976901
er,1000000,15999866,edgelist,neighbors-batch,4,2000000,84214612,128000032,127998952,536864,328748742,6083673.47,328255,452215,512,1.0550,16008090976901
er,1000000,15999866,edgelist,hasedge,1,200000,84214612,128000032,127998952,134216,103592593,1930639.96,1046419,1236331,2048,1.0401,100001
er,1000000,15999866,edgelist,hasedge,2,200000,84214612,128000032,127998952,268432,53002376,3773415.74,1068033,1605422,2048,1.0923,100001
er,1000000,15999866,edgelist,hasedge,4,200000,84214612,128000032,127998952,536864,26309159,7601915.36,1040918,1472624,2048,1.0255,100001
er,1000000,15999866,edgelist,hasedge,1,2000000,84214612,128000032,127998952,134216,1034366153,1933551.28,1040853,1335166,2048,1.1295,1000017
er,1000000,15999866,edgelist,hasedge,2,2000000,84214612,128000032,127998952,268432,505640210,3955381.63,1050871,1197577,2048,1.0764,1000017
er,1000000,15999866,edgelist,hasedge,4,2000000,84214612,128000032,127998952,536864,249802710,8006318.27,1005436,1303218,2048,1.0290,1000017
er,1000000,15999866,varint-csr,neighbors,1,200000,446253276,57139360,57133364,134216,73817836,2709372.30,183111,238229,512,1.0341,1600556701727
er,1000000,15999866,varint-csr,neighbors,2,200000,446253276,57139360,57133364,268432,32933375,6072866.81,163207,215901,512,1.0384,1600556701727
er,1000000,15999866,varint-csr,neighbors,4,200000,446253276,57139360,57133364,536864,15135604,13213876.37,149022,186976,512,1.0702,1600556701727
er,1000000,15999866,varint-csr,neighbors,1,2000000,446253276,57139360,57133364,134216,751803219,2660270.60,188213,234489,512,1.0452,16002338681023
er,1000000,15999866,varint-csr,neighbors,2,2000000,446253276,57139360,57133364,268432,349877463,5716287.02,175278,240691,512,1.1051,16002338681023
er,1000000,15999866,varint-csr,neighbors,4,2000000,446253276,57139360,57133364,536864,147736736,13537594.33,147088,224034,512,1.0630,16002338681023
er,1000000,15999866,varint-csr,neighbors-batch,1,200000,446253276,57139360,57133364,134216,73804659,2709856.03,184482,224286,512,1.1064,1601300666071
er,1000000,15999866,varint-csr,neighbors-batch,2,200000,446253276,57139360,57133364,268432,33821449,5913407.20,167795,213375,512,1.1109,1601300666071
er,1000000,15999866,varint-csr,neighbors-batch,4,200000,446253276,57139360,57133364,536864,15065611,13275266.43,148144,199480,512,1.0872,1601300666071
er,1000000,15999866,varint-csr,neighbors-batch,1,2000000,446253276,57139360,57133364,134216,785475098,2546229.67,198615,251559,512,1.0529,16008090976901
er,1000000,15999866,varint-csr,neighbors-batch,2,2000000,446253276,57139360,57133364,268432,357785115,5589947.47,179725,237641,512,1.0725,16008090976901
er,1000000,15999866,varint-csr,neighbors-batch,4,2000000,446253276,57139360,57133364,536864,166808973,11989762.69,166843,224048,512,1.0539,16008090976901
er,1000000,15999866,varint-csr,hasedge,1,200000,446253276,57139360,57133364,134216,61692478,3241886.31,623355,755760,2048,1.0243,100001
er,1000000,15999866,varint-csr,hasedge,2,200000,446253276,57139360,57133364,268432,26400089,7575732.04,530527,639922,2048,1.0535,100001
er,1000000,15999866,varint-csr,hasedge,4,200000,446253276,57139360,57133364,536864,12010382,16652259.69,477420,680591,2048,1.1198,100001
er,1000000,15999866,varint-csr,hasedge,1,2000000,446253276,57139360,57133364,134216,589478852,3392827.40,594087,733921,2048,1.0827,1000017
er,1000000,15999866,varint-csr,hasedge,2,2000000,446253276,57139360,57133364,268432,254989619,7843456.56,516039,628620,2048,1.0279,1000017
er,1000000,15999866,varint-csr,hasedge,4,2000000,446253276,57139360,57133364,536864,115604418,17300376.88,466608,563509,2048,1.0248,1000017
er,1000000,15999866,hybrid,neighbors,1,200000,283978405,72147088,72124588,134216,45765268,4370126.27,111643,168726,512,1.0562,1600556701727
er,1000000,15999866,hybrid,neighbors,2,200000,283978405,72147088,72124588,268432,19937125,10031536.64,96117,162138,512,1.0744,1600556701727
er,1000000,15999866,hybrid,neighbors,4,200000,283978405,72147088,72124588,536864,8797447,22733868.13,83259,134967,512,1.0415,1600556701727
er,1000000,15999866,hybrid,neighbors,1,2000000,283978405,72147088,72124588,134216,493933913,4049124.69,122085,176532,512,1.0508,16002338681023
er,1000000,15999866,hybrid,neighbors,2,2000000,283978405,72147088,72124588,268432,192513654,10388873.51,96140,151535,512,1.1017,16002338681023
er,1000000,15999866,hybrid,neighbors,4,2000000,283978405,72147088,72124588,536864,97023080,20613651.93,92755,145884,512,1.0286,16002338681023
er,1000000,15999866,hybrid,neighbors-batch,1,200000,283978405,72147088,72124588,134216,17652652,11329742.41,41536,88909,512,1.0779,1601300666071
er,1000000,15999866,hybrid,neighbors-batch,2,200000,283978405,72147088,72124588,268432,8279325,24156558.66,38073,84716,512,1.1602,1601300666071
er,1000000,15999866,hybrid,neighbors-batch,4,200000,283978405,72147088,72124588,536864,3922366,50989632.28,35965,77015,512,1.0311,1601300666071
er,1000000,15999866,hybrid,neighbors-batch,1,2000000,283978405,72147088,72124588,134216,222964530,8970036.62,52994,99361,512,1.1448,16008090976901
er,1000000,15999866,hybrid,neighbors-batch,2,2000000,283978405,72147088,72124588,268432,90574498,22081270.60,42997,89129,512,1.0804,16008090976901
er,1000000,15999866,hybrid,neighbors-batch,4,2000000,283978405,72147088,72124588,536864,41216528,48524223.10,38475,80881,512,1.1027,16008090976901
er,1000000,15999866,hybrid,hasedge,1,200000,283978405,72147088,72124588,134216,18742655,10670846.79,173312,547555,2048,1.0729,100001
er,1000000,15999866,hybrid,hasedge,2,200000,283978405,72147088,72124588,268432,8760938,22828605.80,168198,252445,2048,1.0553,100001
er,1000000,15999866,hybrid,hasedge,4,200000,283978405,72147088,72124588,536864,4651163,42999998.07,167760,359642,2048,1.2739,100001
er,1000000,15999866,hybrid,hasedge,1,2000000,283978405,72147088,72124588,134216,210358890,9507561.10,206905,299215,2048,1.2220,1000017
er,1000000,15999866,hybrid,hasedge,2,2000000,283978405,72147088,72124588,268432,94810340,21094745.57,180943,312365,2048,1.1924,1000017
er,1000000,15999866,hybrid,hasedge,4,2000000,283978405,72147088,72124588,536864,44973278,44470852.22,170016,284401,2048,1.0943,1000017
rmat,262144,3939048,adjmap,neighbors,1,200000,125985603,33122816,29586376,41984,46822386,4271461.09,116786,162911,512,1.0553,343372051964
rmat,262144,3939048,adjmap,neighbors,2,200000,125985603,33122816,29586376,83968,21640132,9242087.80,107453,173857,512,1.0349,343372051964
rmat,262144,3939048,adjmap,neighbors,4,200000,125985603,33122816,29586376,167936,10466672,19108270.52,102946,152938,512,1.0446,343372051964
rmat,262144,3939048,adjmap,neighbors,1,2000000,125985603,33122816,29586376,41984,477583932,4187745.58,118284,170402,512,1.0952,3425411983556
rmat,262144,3939048,adjmap,neighbors,2,2000000,125985603,33122816,29586376,83968,210302142,9510126.63,104077,158059,512,1.0156,3425411983556
rmat,262144,3939048,adjmap,neighbors,4,2000000,125985603,33122816,29586376,167936,101206953,19761488.13,99293,149528,512,1.0372,3425411983556
rmat,262144,3939048,adjmap,neighbors-batch,1,200000,125985603,33122816,29586376,114688,35659966,5608530.31,88487,128597,512,1.1452,344210157953
rmat,262144,3939048,adjmap,neighbors-batch,2,200000,125985603,33122816,29586376,182912,16122892,12404722.43,80234,115067,512,1.0415,344210157953
rmat,262144,3939048,adjmap,neighbors-batch,4,200000,125985603,33122816,29586376,363136,8075571,24766050.60,77571,127619,512,1.0193,344210157953
rmat,262144,3939048,adjmap,neighbors-batch,1,2000000,125985603,33122816,29586376,114688,330725709,6047307.32,82297,117826,512,1.0809,3416303578877
rmat,262144,3939048,adjmap,neighbors-batch,2,2000000,125985603,33122816,29586376,221184,151617239,13191112.13,75813,119387,512,1.0970,3416303578877
rmat,262144,3939048,adjmap,neighbors-batch,4,2000000,125985603,33122816,29586376,442368,75013308,26661935.77,73071,122875,512,1.0680,3416303578877
rmat,262144,3939048,adjmap,hasedge,1,200000,125985603,33122816,29586376,41984,34797201,5747588.72,352135,436858,2048,1.1315,100005
rmat,262144,3939048,adjmap,hasedge,2,200000,125985603,33122816,29586376,83968,17128299,11676582.71,341570,501370,2048,1.0603,100005
rmat,262144,3939048,adjmap,hasedge,4,200000,125985603,33122816,29586376,167936,8285285,24139181.69,320542,458112,2048,1.0555,100005
rmat,262144,3939048,adjmap,hasedge,1,2000000,125985603,33122816,29586376,41984,359643438,5561063.51,357317,552386,2048,1.0466,1000062
rmat,262144,3939048,adjmap,hasedge,2,2000000,125985603,33122816,29586376,83968,167579300,11934648.25,334914,426240,2048,1.1043,1000062
rmat,262144,3939048,adjmap,hasedge,4,2000000,125985603,33122816,29586376,167936,82720181,24177896.81,331302,454243,2048,1.0388,1000062
rmat,262144,3939048,adjlist,neighbors,1,200000,41128600,28918768,28734304,41984,31604521,6328208.55,76938,124075,512,1.0498,343372051964
rmat,262144,3939048,adjlist,neighbors,2,200000,41128600,28918768,28734304,83968,16235488,12318693.47,79263,125841,512,1.0484,343372051964
rmat,262144,3939048,adjlist,neighbors,4,200000,41128600,28918768,28734304,167936,8352521,23944866.47,78549,150938,512,1.0409,343372051964
rmat,262144,3939048,adjlist,neighbors,1,2000000,41128600,28918768,28734304,41984,319021975,6269160.61,78279,123288,512,1.1487,3425411983556
rmat,262144,3939048,adjlist,neighbors,2,2000000,41128600,28918768,28734304,83968,156001619,12820379.77,76171,120514,512,1.0725,3425411983556
rmat,262144,3939048,adjlist,neighbors,4,2000000,41128600,28918768,28734304,167936,71729994,27882338.87,69496,116034,512,1.0471,3425411983556
rmat,262144,3939048,adjlist,neighbors-batch,1,200000,41128600,28918768,28734304,114688,17570094,11382978.37,42565,82396,512,1.0323,344210157953
rmat,262144,3939048,adjlist,neighbors-batch,2,200000,41128600,28918768,28734304,221184,9219346,21693512.75,43881,95613,512,1.0239,344210157953
rmat,262144,3939048,adjlist,neighbors-batch,4,200000,41128600,28918768,28734304,357632,4649761,43012963.46,43137,86110,512,1.0515,344210157953
rmat,262144,3939048,adjlist,neighbors-batch,1,2000000,41128600,28918768,28734304,114688,179926554,11115646.67,43194,85070,512,1.0495,3416303578877
rmat,262144,3939048,adjlist,neighbors-batch,2,2000000,41128600,28918768,28734304,221184,91535629,21849415.60,43573,93215,512,1.0614,3416303578877
rmat,262144,3939048,adjlist,neighbors-batch,4,2000000,41128600,28918768,28734304,434176,46508057,43003301.56,44190,92329,512,1.0883,3416303578877
rmat,262144,3939048,adjlist,hasedge,1,200000,41128600,28918768,28734304,41984,21434666,9330679.56,211116,273538,2048,1.0160,100005
rmat,262144,3939048,adjlist,hasedge,2,200000,41128600,28918768,28734304,83968,10327913,19364996.59,201425,283318,2048,1.0330,100005
rmat,262144,3939048,adjlist,hasedge,4,200000,41128600,28918768,28734304,167936,5317351,37612713.55,201384,271523,2048,1.1337,100005
rmat,262144,3939048,adjlist,hasedge,1,2000000,41128600,28918768,28734304,41984,210325475,9509071.59,206308,314419,2048,1.2830,1000062
rmat,262144,3939048,adjlist,hasedge,2,2000000,41128600,28918768,28734304,83968,101038919,19794352.71,197300,274029,2048,1.0191,1000062
rmat,262144,3939048,adjlist,hasedge,4,2000000,41128600,28918768,28734304,167936,51545294,38800826.32,196671,318417,2048,1.0632,1000062
rmat,262144,3939048,adjlist-exact,neighbors,1,200000,37622560,23043664,22047672,41984,28401348,7041919.28,69500,110648,512,1.0806,343372051964
rmat,262144,3939048,adjlist-exact,neighbors,2,200000,37622560,23043664,22047672,83968,13748974,14546539.98,66977,108426,512,1.0626,343372051964
rmat,262144,3939048,adjlist-exact,neighbors,4,200000,37622560,23043664,22047672,167936,7158099,27940379.14,67967,113960,512,1.0207,343372051964
rmat,262144,3939048,adjlist-exact,neighbors,1,2000000,37622560,23043664,22047672,41984,296038330,6755881.92,72170,118535,512,1.1556,3425411983556
rmat,262144,3939048,adjlist-exact,neighbors,2,2000000,37622560,23043664,22047672,83968,187938108,10641801.29,92764,151628,512,1.1447,3425411983556
rmat,262144,3939048,adjlist-exact,neighbors,4,2000000,37622560,23043664,22047672,167936,88113592,22697973.77,86145,142948,512,1.0898,3425411983556
rmat,262144,3939048,adjlist-exact,neighbors-batch,1,200000,37622560,23043664,22047672,114688,21740829,9199281.22,52960,103394,512,1.3474,344210157953
rmat,262144,3939048,adjlist-exact,neighbors-batch,2,200000,37622560,23043664,22047672,221184,11508311,17378744.80,55347,103223,512,1.0690,344210157953
rmat,262144,3939048,adjlist-exact,neighbors-batch,4,200000,37622560,23043664,22047672,322176,6099943,32787191.62,56721,114613,512,1.0432,344210157953
rmat,262144,3939048,adjlist-exact,neighbors-batch,1,2000000,37622560,23043664,22047672,114688,243371814,8217878.51,58156,116822,512,1.1690,3416303578877
rmat,262144,3939048,adjlist-exact,neighbors-batch,2,2000000,37622560,23043664,22047672,221184,116221195,17208565.10,55967,105776,512,1.0760,3416303578877
rmat,262144,3939048,adjlist-exact,neighbors-batch,4,2000000,37622560,23043664,22047672,434176,54771804,36515138.34,48664,138714,512,1.0580,3416303578877
rmat,262144,3939048,adjlist-exact,hasedge,1,200000,37622560,23043664,22047672,41984,23409076,8543694.76,240125,347981,2048,1.1504,100005
rmat,262144,3939048,adjlist-exact,hasedge,2,200000,37622560,23043664,22047672,83968,9687253,20645687.69,185544,279242,2048,1.1240,100005
rmat,262144,3939048,adjlist-exact,hasedge,4,200000,37622560,23043664,22047672,167936,5449737,36699018.69,193272,359831,2048,1.0525,100005
rmat,262144,3939048,adjlist-exact,hasedge,1,2000000,37622560,23043664,22047672,41984,198636085,10068664.01,194631,275157,2048,1.1181,1000062
rmat,262144,3939048,adjlist-exact,hasedge,2,2000000,37622560,23043664,22047672,83968,99055535,20190694.04,191974,303281,2048,1.1204,1000062
rmat,262144,3939048,adjlist-exact,hasedge,4,2000000,37622560,23043664,22047672,167936,49848765,40121355.06,191989,298364,2048,1.0116,1000062
rmat,262144,3939048,csr,neighbors,1,200000,35233286,16818240,16804820,41984,25336830,7893647.31,61081,113112,512,1.0740,343372051964
rmat,262144,3939048,csr,neighbors,2,200000,35233286,16818240,16804820,83968,12575605,15903807.41,60286,116168,512,1.0407,343372051964
rmat,262144,3939048,csr,neighbors,4,200000,35233286,16818240,16804820,167936,6329295,31599095.95,61080,107998,512,1.0914,343372051964
rmat,262144,3939048,csr,neighbors,1,2000000,35233286,16818240,16804820,41984,235405915,8495963.24,57232,98453,512,1.2964,3425411983556
rmat,262144,3939048,csr,neighbors,2,2000000,35233286,16818240,16804820,83968,116420618,17179087.64,56061,100875,512,1.0804,3425411983556
rmat,262144,3939048,csr,neighbors,4,2000000,35233286,16818240,16804820,167936,59797115,33446429.65,57123,104543,512,1.0409,3425411983556
rmat,262144,3939048,csr,neighbors-batch,1,200000,35233286,16818240,16804820,114688,15149920,13201389.84,36255,79809,512,1.0331,344210157953
rmat,262144,3939048,csr,neighbors-batch,2,200000,35233286,16818240,16804820,182912,7651867,26137411.95,36163,85266,512,1.0205,344210157953
rmat,262144,3939048,csr,neighbors-batch,4,200000,35233286,16818240,16804820,330368,3898251,51305059.63,36108,81036,512,1.0624,344210157953
rmat,262144,3939048,csr,neighbors-batch,1,2000000,35233286,16818240,16804820,114688,152218709,13138989.37,36494,77085,512,1.0427,3416303578877
rmat,262144,3939048,csr,neighbors-batch,2,2000000,35233286,16818240,16804820,221184,77033665,25962674.89,35932,79636,512,1.0676,3416303578877
rmat,262144,3939048,csr,neighbors-batch,4,2000000,35233286,16818240,16804820,434176,36781675,54374902.72,34996,74668,512,1.0938,3416303578877
rmat,262144,3939048,csr,hasedge,1,200000,35233286,16818240,16804820,41984,17837473,11212350.54,172943,251212,2048,1.1139,100005
rmat,262144,3939048,csr,hasedge,2,200000,35233286,16818240,16804820,83968,9155647,21844442.01,180099,240503,2048,1.0628,100005
rmat,262144,3939048,csr,hasedge,4,200000,35233286,16818240,16804820,167936,4868336,41081798.79,184673,243909,2048,1.0614,100005
rmat,262144,3939048,csr,hasedge,1,2000000,35233286,16818240,16804820,41984,177058866,11295678.35,170413,265140,2048,1.1556,1000062
rmat,262144,3939048,csr,hasedge,2,2000000,35233286,16818240,16804820,83968,87773035,22786041.29,170290,239957,2048,1.0492,1000062
rmat,262144,3939048,csr,hasedge,4,2000000,35233286,16818240,16804820,167936,48535763,41206728.33,186385,280575,2048,1.0925,1000062
rmat,262144,3939048,csr-slices,neighbors,1,200000,36119920,22052928,22047696,41984,31582814,6332557.95,76983,123219,512,1.0329,343372051964
rmat,262144,3939048,csr-slices,neighbors,2,200000,36119920,22052928,22047696,83968,15568425,12846514.66,75046,133430,512,1.1020,343372051964
rmat,262144,3939048,csr-slices,neighbors,4,200000,36119920,22052928,22047696,167936,7497744,26674690.41,73027,118362,512,1.1029,343372051964
rmat,262144,3939048,csr-slices,neighbors,1,2000000,36119920,22052928,22047696,41984,323321784,6185787.96,78532,132150,512,1.0263,3425411983556
rmat,262144,3939048,csr-slices,neighbors,2,2000000,36119920,22052928,22047696,83968,150813309,13261429.07,73068,123573,512,1.0209,3425411983556
rmat,262144,3939048,csr-slices,neighbors,4,2000000,36119920,22052928,22047696,167936,72161909,27715453.04,69835,117806,512,1.0941,3425411983556
rmat,262144,3939048,csr-slices,neighbors-batch,1,200000,36119920,22052928,22047696,114688,18980814,10536955.90,45263,98309,512,1.1136,344210157953
rmat,262144,3939048,csr-slices,neighbors-batch,2,200000,36119920,22052928,22047696,182912,9814177,20378682.80,45779,101467,512,1.0416,344210157953
rmat,262144,3939048,csr-slices,neighbors-batch,4,200000,36119920,22052928,22047696,360448,4819099,41501533.79,45472,93919,512,1.0976,344210157953
rmat,262144,3939048,csr-slices,neighbors-batch,1,2000000,36119920,22052928,22047696,114688,189850725,10534592.38,45439,91324,512,1.1928,3416303578877
rmat,262144,3939048,csr-slices,neighbors-batch,2,2000000,36119920,22052928,22047696,221184,93984823,21280031.56,44621,93041,512,1.0387,3416303578877
rmat,262144,3939048,csr-slices,neighbors-batch,4,2000000,36119920,22052928,22047696,434176,45698198,43765401.87,43461,91346,512,1.0865,3416303578877
rmat,262144,3939048,csr-slices,hasedge,1,200000,36119920,22052928,22047696,41984,18817897,10628180.18,182712,234421,2048,1.0952,100005
rmat,262144,3939048,csr-slices,hasedge,2,200000,36119920,22052928,22047696,83968,9770557,20469662.07,189586,249330,2048,1.0401,100005
rmat,262144,3939048,csr-slices,hasedge,4,200000,36119920,22052928,22047696,167936,5124700,39026674.73,196982,278870,2048,1.0214,100005
rmat,262144,3939048,csr-slices,hasedge,1,2000000,36119920,22052928,22047696,41984,199460082,10027068.98,197054,295536,2048,1.0806,1000062
rmat,262144,3939048,csr-slices,hasedge,2,2000000,36119920,22052928,22047696,83968,97523242,20507931.84,190938,298335,2048,1.1628,1000062
rmat,262144,3939048,csr-slices,hasedge,4,2000000,36119920,22052928,22047696,167936,50222422,39822850.44,195356,286257,2048,1.0668,1000062
rmat,262144,3939048,edgelist,neighbors,1,200000,28734696,31514656,31512408,41984,76541675,2612955.62,188345,281413,512,1.0528,343372051964
rmat,262144,3939048,edgelist,neighbors,2,200000,28734696,31514656,31512408,83968,39657412,5043193.44,195415,275147,512,1.0209,343372051964
rmat,262144,3939048,edgelist,neighbors,4,200000,28734696,31514656,31512408,167936,19660749,10172552.43,193787,261351,512,1.0558,343372051964
rmat,262144,3939048,edgelist,neighbors,1,2000000,28734696,31514656,31512408,41984,807128483,2477920.23,198887,274141,512,1.0390,3425411983556
rmat,262144,3939048,edgelist,neighbors,2,2000000,28734696,31514656,31512408,83968,397908561,5026280.40,195980,268541,512,1.0424,3425411983556
rmat,262144,3939048,edgelist,neighbors,4,2000000,28734696,31514656,31512408,167936,197167533,10143657.88,194399,265210,512,1.0308,3425411983556
rmat,262144,3939048,edgelist,neighbors-batch,1,200000,28734696,31514656,31512408,114688,77497802,2580718.35,189763,266411,512,1.0195,344210157953
rmat,262144,3939048,edgelist,neighbors-batch,2,200000,28734696,31514656,31512408,184320,37772945,5294794.99,185428,267825,512,1.0201,344210157953
rmat,262144,3939048,edgelist,neighbors-batch,4,200000,28734696,31514656,31512408,368640,19278409,10374300.08,188147,268408,512,1.0137,344210157953
rmat,262144,3939048,edgelist,neighbors-batch,1,2000000,28734696,31514656,31512408,114688,724291022,2761320.99,179182,233453,512,1.0524,3416303578877
rmat,262144,3939048,edgelist,neighbors-batch,2,2000000,28734696,31514656,31512408,229376,371837879,5378688.17,183072,261595,512,1.0235,3416303578877
rmat,262144,3939048,edgelist,neighbors-batch,4,2000000,28734696,31514656,31512408,458752,187706615,10654925.51,184135,267022,512,1.0309,3416303578877
rmat,262144,3939048,edgelist,hasedge,1,200000,28734696,31514656,31512408,41984,61922732,3229831.66,638467,720354,2048,1.0368,100005
rmat,262144,3939048,edgelist,hasedge,2,200000,28734696,31514656,31512408,83968,31701765,6308797.00,647022,736389,2048,1.0569,100005
rmat,262144,3939048,edgelist,hasedge,4,200000,28734696,31514656,31512408,167936,16476917,12138193.09,660192,922606,2048,1.0573,100005
rmat,262144,3939048,edgelist,hasedge,1,2000000,28734696,31514656,31512408,41984,663154800,3015887.09,666160,904256,2048,1.0803,1000062
rmat,262144,3939048,edgelist,hasedge,2,2000000,28734696,31514656,31512408,83968,347314660,5758466.98,700349,940187,2048,1.0164,1000062
rmat,262144,3939048,edgelist,hasedge,4,2000000,28734696,31514656,31512408,167936,165041314,12118177.88,668188,870157,2048,1.0544,1000062
rmat,262144,3939048,varint-csr,neighbors,1,200000,66397472,9461824,9451012,41984,49408639,4047875.11,122811,178751,512,1.0753,343372051964
rmat,262144,3939048,varint-csr,neighbors,2,200000,66397472,9461824,9451012,83968,26197339,7634363.17,128752,203581,512,1.0543,343372051964
rmat,262144,3939048,varint-csr,neighbors,4,200000,66397472,9461824,9451012,167936,12988974,15397674.98,127827,210545,512,1.1651,343372051964
rmat,262144,3939048,varint-csr,neighbors,1,2000000,66397472,9461824,9451012,41984,515827813,3877262.82,126493,225843,512,1.0236,3425411983556
rmat,262144,3939048,varint-csr,neighbors,2,2000000,66397472,9461824,9451012,83968,249939173,8001946.94,123881,194449,512,1.0647,3425411983556
rmat,262144,3939048,varint-csr,neighbors,4,2000000,66397472,9461824,9451012,167936,129350219,15461898.83,127732,208706,512,1.0557,3425411983556
rmat,262144,3939048,varint-csr,neighbors-batch,1,200000,66397472,9461824,9451012,114688,50597328,3952777.90,124136,208065,512,1.0468,344210157953
rmat,262144,3939048,varint-csr,neighbors-batch,2,200000,66397472,9461824,9451012,184320,24707357,8094754.93,121197,198471,512,1.0474,344210157953
rmat,262144,3939048,varint-csr,neighbors-batch,4,200000,66397472,9461824,9451012,368640,12533049,15957808.83,122436,195088,512,1.0577,344210157953
rmat,262144,3939048,varint-csr,neighbors-batch,1,2000000,66397472,9461824,9451012,114688,463970543,4310618.49,115797,173173,512,1.0299,3416303578877
rmat,262144,3939048,varint-csr,neighbors-batch,2,2000000,66397472,9461824,9451012,229376,235691269,8485677.08,117663,179112,512,1.0755,3416303578877
rmat,262144,3939048,varint-csr,neighbors-batch,4,2000000,66397472,9461824,9451012,458752,121833660,16415824.66,121114,185626,512,1.0157,3416303578877
rmat,262144,3939048,varint-csr,hasedge,1,200000,66397472,9461824,9451012,41984,153160523,1305819.52,1557735,1793112,2048,1.0523,100005
rmat,262144,3939048,varint-csr,hasedge,2,200000,66397472,9461824,9451012,83968,79107007,2528221.05,1594428,2340781,2048,1.0321,100005
rmat,262144,3939048,varint-csr,hasedge,4,200000,66397472,9461824,9451012,167936,40305877,4962055.53,1613212,1909010,2048,1.0190,100005
rmat,262144,3939048,varint-csr,hasedge,1,2000000,66397472,9461824,9451012,41984,1586777163,1260416.43,1622421,1862132,2048,1.0566,1000062
rmat,262144,3939048,varint-csr,hasedge,2,2000000,66397472,9461824,9451012,83968,805495709,2482943.08,1631795,2094841,2048,1.0210,1000062
rmat,262144,3939048,varint-csr,hasedge,4,2000000,66397472,9461824,9451012,167936,405271912,4934958.33,1633492,2206942,2048,1.0203,1000062
rmat,262144,3939048,hybrid,neighbors,1,200000,71145165,17866992,17855532,41984,25032194,7989711.17,60175,123887,512,1.0180,343372051964
rmat,262144,3939048,hybrid,neighbors,2,200000,71145165,17866992,17855532,83968,12290095,16273267.21,59343,111600,512,1.0611,343372051964
rmat,262144,3939048,hybrid,neighbors,4,200000,71145165,17866992,17855532,167936,6318806,31651549.36,59694,117149,512,1.0697,343372051964
rmat,262144,3939048,hybrid,neighbors,1,2000000,71145165,17866992,17855532,41984,249944952,8001761.92,60439,106073,512,1.1946,3425411983556
rmat,262144,3939048,hybrid,neighbors,2,2000000,71145165,17866992,17855532,83968,129623140,15429343.87,62729,115192,512,1.0605,3425411983556
rmat,262144,3939048,hybrid,neighbors,4,2000000,71145165,17866992,17855532,167936,64824753,30852412.20,61823,121768,512,1.0773,3425411983556
rmat,262144,3939048,hybrid,neighbors-batch,1,200000,71145165,17866992,17855532,106496,13919905,14367914.15,32933,71717,512,1.1394,344210157953
rmat,262144,3939048,hybrid,neighbors-batch,2,200000,71145165,17866992,17855532,188416,7379860,27100785.11,34406,87463,512,1.0519,344210157953
rmat,262144,3939048,hybrid,neighbors-batch,4,200000,71145165,17866992,17855532,311168,3975469,50308529.64,36027,91093,512,1.1829,344210157953
rmat,262144,3939048,hybrid,neighbors-batch,1,2000000,71145165,17866992,17855532,106496,154536053,12941963.78,36822,79604,512,1.1547,3416303578877
rmat,262144,3939048,hybrid,neighbors-batch,2,2000000,71145165,17866992,17855532,221184,72392064,27627337.71,34295,77283,512,1.0433,3416303578877
rmat,262144,3939048,hybrid,neighbors-batch,4,2000000,71145165,17866992,17855532,450560,37511851,53316483.90,34801,79822,512,1.2444,3416303578877
rmat,262144,3939048,hybrid,hasedge,1,200000,71145165,17866992,17855532,41984,19605836,10201044.22,193311,280315,2048,1.0737,100005
rmat,262144,3939048,hybrid,hasedge,2,200000,71145165,17866992,17855532,83968,9472246,21114316.50,183780,262913,2048,1.0328,100005
rmat,262144,3939048,hybrid,hasedge,4,200000,71145165,17866992,17855532,167936,4863780,41120280.93,186624,239747,2048,1.0880,100005
rmat,262144,3939048,hybrid,hasedge,1,2000000,71145165,17866992,17855532,41984,182291514,10971437.76,177748,254437,2048,1.0563,1000062
rmat,262144,3939048,hybrid,hasedge,2,2000000,71145165,17866992,17855532,83968,94374289,21192212.64,184373,254058,2048,1.0660,1000062
rmat,262144,3939048,hybrid,hasedge,4,2000000,71145165,17866992,17855532,167936,47491963,42112388.57,185172,268161,2048,1.0120,1000062
rmat,1048576,16084638,adjmap,neighbors,1,200000,541150218,126678752,110286200,140288,78989174,2531992.55,202116,267694,512,1.2117,1516646299677
rmat,1048576,16084638,adjmap,neighbors,2,200000,541150218,126678752,110286200,280576,37467229,5337998.17,186956,268247,512,1.0323,1516646299677
rmat,1048576,16084638,adjmap,neighbors,4,200000,541150218,126678752,110286200,561152,17192747,11632812.37,166494,327128,512,1.0955,1516646299677
rmat,1048576,16084638,adjmap,neighbors,1,2000000,541150218,126678752,110286200,140288,795382488,2514513.50,202740,273719,512,1.1131,15002922775153
rmat,1048576,16084638,adjmap,neighbors,2,2000000,541150218,126678752,110286200,280576,384090774,5207102.42,195066,256405,512,1.0386,15002922775153
rmat,1048576,16084638,adjmap,neighbors,4,2000000,541150218,126678752,110286200,561152,186292397,10735811.19,185784,274837,512,1.0430,15002922775153
rmat,1048576,16084638,adjmap,neighbors-batch,1,200000,541150218,126678752,110286200,303104,54530596,3667665.76,132002,189512,512,1.1022,1531811143125
rmat,1048576,16084638,adjmap,neighbors-batch,2,200000,541150218,126678752,110286200,507904,28089799,7120022.47,134421,279120,512,1.0542,1531811143125
rmat,1048576,16084638,adjmap,neighbors-batch,4,200000,541150218,126678752,110286200,876544,12598702,15874651.21,119953,231011,512,1.0988,1531811143125
rmat,1048576,16084638,adjmap,neighbors-batch,1,2000000,541150218,126678752,110286200,303104,576710640,3467943.65,141946,212990,512,1.1006,15001765366615
rmat,1048576,16084638,adjmap,neighbors-batch,2,2000000,541150218,126678752,110286200,606208,249548018,8014489.62,122809,181150,512,1.0621,15001765366615
rmat,1048576,16084638,adjmap,neighbors-batch,4,2000000,541150218,126678752,110286200,1212416,120109625,16651454.87,119226,177451,512,1.0938,15001765366615
rmat,1048576,16084638,adjmap,hasedge,1,200000,541150218,126678752,110286200,140288,53160532,3762189.59,543718,701197,2048,1.0167,100003
rmat,1048576,16084638,adjmap,hasedge,2,200000,541150218,126678752,110286200,280576,26199852,7633630.91,521190,703377,2048,1.1185,100003
rmat,1048576,16084638,adjmap,hasedge,4,200000,541150218,126678752,110286200,561152,13083569,15286348.85,497758,695508,2048,1.0840,100003
rmat,1048576,16084638,adjmap,hasedge,1,2000000,541150218,126678752,110286200,140288,512590762,3901748.04,518943,717680,2048,1.1293,1000009
rmat,1048576,16084638,adjmap,hasedge,2,2000000,541150218,126678752,110286200,280576,245471440,8147587.35,487180,738803,2048,1.0677,1000009
rmat,1048576,16084638,adjmap,hasedge,4,2000000,541150218,126678752,110286200,561152,119290235,16765831.67,477828,735774,2048,1.0798,1000009
rmat,1048576,16084638,adjlist,neighbors,1,200000,205063990,109860112,109197680,140288,57193911,3496875.74,142863,202523,512,1.0503,1516646299677
rmat,1048576,16084638,adjlist,neighbors,2,200000,205063990,109860112,109197680,280576,23993421,8335618.33,119049,175415,512,1.1548,1516646299677
rmat,1048576,16084638,adjlist,neighbors,4,200000,205063990,109860112,109197680,561152,10560486,18938522.34,101307,169000,512,1.0952,1516646299677
rmat,1048576,16084638,adjlist,neighbors,1,2000000,205063990,109860112,109197680,140288,585205517,3417602.78,145064,213338,512,1.0307,15002922775153
rmat,1048576,16084638,adjlist,neighbors,2,2000000,205063990,109860112,109197680,280576,287314751,6961007.02,142193,215862,512,1.0576,15002922775153
rmat,1048576,16084638,adjlist,neighbors,4,2000000,205063990,109860112,109197680,561152,127251110,15716955.24,125041,196261,512,1.0741,15002922775153
rmat,1048576,16084638,adjlist,neighbors-batch,1,200000,205063990,109860112,109197680,303104,27254334,7338282.42,66381,107397,512,1.2037,1531811143125
rmat,1048576,16084638,adjlist,neighbors-batch,2,200000,205063990,109860112,109197680,507904,12510346,15986768.07,60143,102137,512,1.0929,1531811143125
rmat,1048576,16084638,adjlist,neighbors-batch,4,200000,205063990,109860112,109197680,917504,5987173,33404747.12,55799,105196,512,1.0186,1531811143125
rmat,1048576,16084638,adjlist,neighbors-batch,1,2000000,205063990,109860112,109197680,303104,330623529,6049176.25,80541,135670,512,1.0991,15001765366615
rmat,1048576,16084638,adjlist,neighbors-batch,2,2000000,205063990,109860112,109197680,606208,151903135,13166285.21,73316,131959,512,1.0428,15001765366615
rmat,1048576,16084638,adjlist,neighbors-batch,4,2000000,205063990,109860112,109197680,1114112,71708404,27890733.70,67877,133279,512,1.0823,15001765366615
rmat,1048576,16084638,adjlist,hasedge,1,200000,205063990,109860112,109197680,140288,28879227,6925393.12,285449,532746,2048,1.1694,100003
rmat,1048576,16084638,adjlist,hasedge,2,200000,205063990,109860112,109197680,280576,13483793,14832621.65,262547,373147,2048,1.0640,100003
rmat,1048576,16084638,adjlist,hasedge,4,200000,205063990,109860112,109197680,561152,6617436,30223186.14,253693,388848,2048,1.0296,100003
rmat,1048576,16084638,adjlist,hasedge,1,2000000,205063990,109860112,109197680,140288,322678184,6198125.87,325758,403780,2048,1.1078,1000009
rmat,1048576,16084638,adjlist,hasedge,2,2000000,205063990,109860112,109197680,280576,151564486,13195703.38,301313,418881,2048,1.1071,1000009
rmat,1048576,16084638,adjlist,hasedge,4,2000000,205063990,109860112,109197680,561152,72363745,27638149.46,287260,391881,2048,1.0780,1000009
rmat,1048576,16084638,adjlist-exact,neighbors,1,200000,201030701,93687416,89504400,140288,53906211,3710147.61,133586,205967,512,1.1328,1516646299677
rmat,1048576,16084638,adjlist-exact,neighbors,2,200000,201030701,93687416,89504400,280576,24138338,8285574.59,118133,186780,512,1.1921,1516646299677
rmat,1048576,16084638,adjlist-exact,neighbors,4,200000,201030701,93687416,89504400,561152,10123455,19756101.05,93559,161133,512,1.1174,1516646299677
rmat,1048576,16084638,adjlist-exact,neighbors,1,2000000,201030701,93687416,89504400,140288,603369659,3314717.55,149323,225378,512,1.0378,15002922775153
rmat,1048576,16084638,adjlist-exact,neighbors,2,2000000,201030701,93687416,89504400,280576,288865830,6923629.56,143265,222371,512,1.1000,15002922775153
rmat,1048576,16084638,adjlist-exact,neighbors,4,2000000,201030701,93687416,89504400,561152,123960652,16134151.99,121528,213255,512,1.0949,15002922775153
rmat,1048576,16084638,adjlist-exact,neighbors-batch,1,200000,201030701,93687416,89504400,303104,31378348,6373821.85,73576,142913,512,1.2186,1531811143125
rmat,1048576,16084638,adjlist-exact,neighbors-batch,2,200000,201030701,93687416,89504400,507904,14373215,13914771.33,67987,126731,512,1.1867,1531811143125
rmat,1048576,16084638,adjlist-exact,neighbors-batch,4,200000,201030701,93687416,89504400,917504,6625990,30184168.71,61512,115308,512,1.1161,1531811143125
rmat,1048576,16084638,adjlist-exact,neighbors-batch,1,2000000,201030701,93687416,89504400,303104,337295768,5929514.06,81049,142747,512,1.2180,15001765366615
rmat,1048576,16084638,adjlist-exact,neighbors-batch,2,2000000,201030701,93687416,89504400,606208,153065899,13066267.62,73888,128241,512,1.3429,15001765366615
rmat,1048576,16084638,adjlist-exact,neighbors-batch,4,2000000,201030701,93687416,89504400,1114112,65623710,30476789.56,62750,118740,512,1.0853,15001765366615
rmat,1048576,16084638,adjlist-exact,hasedge,1,200000,201030701,93687416,89504400,140288,31090916,6432747.11,307727,418956,2048,1.6530,100003
rmat,1048576,16084638,adjlist-exact,hasedge,2,200000,201030701,93687416,89504400,280576,15151814,13199739.65,292726,594819,2048,1.0497,100003
rmat,1048576,16084638,adjlist-exact,hasedge,4,200000,201030701,93687416,89504400,561152,6961342,28730092.56,263520,361656,2048,1.0668,100003
rmat,1048576,16084638,adjlist-exact,hasedge,1,2000000,201030701,93687416,89504400,140288,299160569,6685373.03,298401,395131,2048,1.0923,1000009
rmat,1048576,16084638,adjlist-exact,hasedge,2,2000000,201030701,93687416,89504400,280576,140090134,14276522.86,277263,374562,2048,1.0705,1000009
rmat,1048576,16084638,adjlist-exact,hasedge,4,2000000,201030701,93687416,89504400,561152,66494353,30077742.09,259853,369624,2048,1.0769,1000009
rmat,1048576,16084638,csr,neighbors,1,200000,174649804,68542512,68532908,140288,36333400,5504577.06,88270,137572,512,1.2940,1516646299677
rmat,1048576,16084638,csr,neighbors,2,200000,174649804,68542512,68532908,280576,16146011,12386960.47,76695,145203,512,1.0754,1516646299677
rmat,1048576,16084638,csr,neighbors,4,200000,174649804,68542512,68532908,561152,7718703,25911088.95,73267,126092,512,1.0879,1516646299677
rmat,1048576,16084638,csr,neighbors,1,2000000,174649804,68542512,68532908,140288,403431572,4957470.21,99293,154692,512,1.0481,15002922775153
rmat,1048576,16084638,csr,neighbors,2,2000000,174649804,68542512,68532908,280576,178492548,11204949.58,87376,139819,512,1.0352,15002922775153
rmat,1048576,16084638,csr,neighbors,4,2000000,174649804,68542512,68532908,561152,81982899,24395331.52,79204,139804,512,1.0448,15002922775153
rmat,1048576,16084638,csr,neighbors-batch,1,200000,174649804,68542512,68532908,303104,20399399,9804210.41,48246,103940,512,1.2458,1531811143125
rmat,1048576,16084638,csr,neighbors-batch,2,200000,174649804,68542512,68532908,507904,11597781,17244678.10,53282,119359,512,1.1700,1531811143125
rmat,1048576,16084638,csr,neighbors-batch,4,200000,174649804,68542512,68532908,879232,5092029,39277074.03,46841,99642,512,1.0597,1531811143125
rmat,1048576,16084638,csr,neighbors-batch,1,2000000,174649804,68542512,68532908,303104,233699541,8557997.13,56542,99989,512,1.2199,15001765366615
rmat,1048576,16084638,csr,neighbors-batch,2,2000000,174649804,68542512,68532908,606208,106988478,18693601.75,50510,102372,512,1.0562,15001765366615
rmat,1048576,16084638,csr,neighbors-batch,4,2000000,174649804,68542512,68532908,1114112,49657436,40275941.75,46787,99452,512,1.0823,15001765366615
rmat,1048576,16084638,csr,hasedge,1,200000,174649804,68542512,68532908,140288,23082462,8664586.99,226294,284427,2048,1.1424,100003
rmat,1048576,16084638,csr,hasedge,2,200000,174649804,68542512,68532908,280576,12812998,15609149.40,252905,346689,2048,1.2259,100003
rmat,1048576,16084638,csr,hasedge,4,200000,174649804,68542512,68532908,561152,5942383,33656531.39,227931,333789,2048,1.3050,100003
rmat,1048576,16084638,csr,hasedge,1,2000000,174649804,68542512,68532908,140288,264812429,7552515.60,260503,365920,2048,1.1153,1000009
rmat,1048576,16084638,csr,hasedge,2,2000000,174649804,68542512,68532908,280576,133852162,14941858.02,262869,392352,2048,1.0291,1000009
rmat,1048576,16084638,csr,hasedge,4,2000000,174649804,68542512,68532908,561152,62832223,31830801.21,243045,374928,2048,1.1064,1000009
rmat,1048576,16084638,csr-slices,neighbors,1,200000,180794351,89505840,89504424,140288,55720624,3589335.25,139110,191998,512,1.0791,1516646299677
rmat,1048576,16084638,csr-slices,neighbors,2,200000,180794351,89505840,89504424,280576,23084957,8663650.53,113182,180853,512,1.1674,1516646299677
rmat,1048576,16084638,csr-slices,neighbors,4,200000,180794351,89505840,89504424,561152,9457431,21147391.93,90978,141298,512,1.0567,1516646299677
rmat,1048576,16084638,csr-slices,neighbors,1,2000000,180794351,89505840,89504424,140288,551748796,3624838.00,138470,192484,512,1.0897,15002922775153
rmat,1048576,16084638,csr-slices,neighbors,2,2000000,180794351,89505840,89504424,280576,242876489,8234638.14,119403,189901,512,1.1706,15002922775153
rmat,1048576,16084638,csr-slices,neighbors,4,2000000,180794351,89505840,89504424,561152,96547570,20715176.98,93213,160262,512,1.0415,15002922775153
rmat,1048576,16084638,csr-slices,neighbors-batch,1,200000,180794351,89505840,89504424,303104,31263945,6397145.34,75493,129094,512,1.0639,1531811143125
rmat,1048576,16084638,csr-slices,neighbors-batch,2,200000,180794351,89505840,89504424,507904,12483378,16021304.49,59980,110903,512,1.1436,1531811143125
rmat,1048576,16084638,csr-slices,neighbors-batch,4,200000,180794351,89505840,89504424,917504,5746272,34805174.55,53971,107841,512,1.1422,1531811143125
rmat,1048576,16084638,csr-slices,neighbors-batch,1,2000000,180794351,89505840,89504424,303104,316071596,6327680.26,76687,131700,512,1.0308,15001765366615
rmat,1048576,16084638,csr-slices,neighbors-batch,2,2000000,180794351,89505840,89504424,606208,123291426,16221728.18,59217,115745,512,1.0658,15001765366615
rmat,1048576,16084638,csr-slices,neighbors-batch,4,2000000,180794351,89505840,89504424,1114112,58030185,34464822.06,54708,110208,512,1.0612,15001765366615
rmat,1048576,16084638,csr-slices,hasedge,1,200000,180794351,89505840,89504424,140288,24177134,8272279.09,236891,306152,2048,1.1062,100003
rmat,1048576,16084638,csr-slices,hasedge,2,200000,180794351,89505840,89504424,280576,12075753,16562114.18,234556,329813,2048,1.1229,100003
rmat,1048576,16084638,csr-slices,hasedge,4,200000,180794351,89505840,89504424,561152,6393987,31279387.96,245397,318188,2048,1.1106,100003
rmat,1048576,16084638,csr-slices,hasedge,1,2000000,180794351,89505840,89504424,140288,282235161,7086289.29,283698,355942,2048,1.0810,1000009
rmat,1048576,16084638,csr-slices,hasedge,2,2000000,180794351,89505840,89504424,280576,137007149,14597778.40,271395,372017,2048,1.0397,1000009
rmat,1048576,16084638,csr-slices,hasedge,4,2000000,180794351,89505840,89504424,561152,63982013,31258785.18,248568,347099,2048,1.1332,1000009
rmat,1048576,16084638,edgelist,neighbors,1,200000,71175828,128679968,128677128,140288,109580762,1825137.88,275560,386950,512,1.2218,1516646299677
rmat,1048576,16084638,edgelist,neighbors,2,200000,71175828,128679968,128677128,280576,55465322,3605856.65,276924,385548,512,1.0678,1516646299677
rmat,1048576,16084638,edgelist,neighbors,4,200000,71175828,128679968,128677128,561152,28125778,7110914.41,280396,432947,512,1.0408,1516646299677
rmat,1048576,16084638,edgelist,neighbors,1,2000000,71175828,128679968,128677128,140288,1158844820,1725856.62,290011,409707,512,1.0743,15002922775153
rmat,1048576,16084638,edgelist,neighbors,2,2000000,71175828,128679968,128677128,280576,575964894,3472433.86,291016,386570,512,1.0448,15002922775153
rmat,1048576,16084638,edgelist,neighbors,4,2000000,71175828,128679968,128677128,561152,283371129,7057882.03,284440,390655,512,1.0879,15002922775153
rmat,1048576,16084638,edgelist,neighbors-batch,1,200000,71175828,128679968,128677128,311296,114359592,1748869.48,283746,389628,512,1.0430,1531811143125
rmat,1048576,16084638,edgelist,neighbors-batch,2,200000,71175828,128679968,128677128,524288,57043431,3506100.47,285011,385664,512,1.0592,1531811143125
rmat,1048576,16084638,edgelist,neighbors-batch,4,200000,71175828,128679968,128677128,950272,28366506,7050568.72,281421,432459,512,1.0723,1531811143125
rmat,1048576,16084638,edgelist,neighbors-batch,1,2000000,71175828,128679968,128677128,311296,1105255969,1809535.58,277634,363851,512,1.1037,15001765366615
rmat,1048576,16084638,edgelist,neighbors-batch,2,2000000,71175828,128679968,128677128,622592,548721675,3644835.06,275782,354911,512,1.0675,15001765366615
rmat,1048576,16084638,edgelist,neighbors-batch,4,2000000,71175828,128679968,128677128,1146880,284139995,7038783.82,284814,400302,512,1.0284,15001765366615
rmat,1048576,16084638,edgelist,hasedge,1,200000,71175828,128679968,128677128,140288,97487605,2051542.86,967082,1404370,2048,1.0829,100003
rmat,1048576,16084638,edgelist,hasedge,2,200000,71175828,128679968,128677128,280576,45304332,4414588.87,903660,1049577,2048,1.0655,100003
rmat,1048576,16084638,edgelist,hasedge,4,200000,71175828,128679968,128677128,561152,24388625,8200544.31,981185,1156360,2048,1.0301,100003
rmat,1048576,16084638,edgelist,hasedge,1,2000000,71175828,128679968,128677128,140288,954939022,2094374.57,974114,1325403,2048,1.1667,1000009
rmat,1048576,16084638,edgelist,hasedge,2,2000000,71175828,128679968,128677128,280576,473575067,4223195.31,967237,1133402,2048,1.0643,1000009
rmat,1048576,16084638,edgelist,hasedge,4,2000000,71175828,128679968,128677128,561152,241126710,8294394.26,977757,1283552,2048,1.0508,1000009
rmat,1048576,16084638,varint-csr,neighbors,1,200000,277635866,38469696,38460784,140288,63605616,3144376.43,156760,252785,512,1.0303,1516646299677
rmat,1048576,16084638,varint-csr,neighbors,2,200000,277635866,38469696,38460784,280576,30941371,6463837.69,151951,239515,512,1.0150,1516646299677
rmat,1048576,16084638,varint-csr,neighbors,4,200000,277635866,38469696,38460784,561152,15490439,12911189.93,153824,246206,512,1.0657,1516646299677
rmat,1048576,16084638,varint-csr,neighbors,1,2000000,277635866,38469696,38460784,140288,615851699,3247535.09,152657,250003,512,1.0673,15002922775153
rmat,1048576,16084638,varint-csr,neighbors,2,2000000,277635866,38469696,38460784,280576,307586541,6502235.09,151466,246797,512,1.0506,15002922775153
rmat,1048576,16084638,varint-csr,neighbors,4,2000000,277635866,38469696,38460784,561152,153708156,13011671.29,150909,262968,512,1.1328,15002922775153
rmat,1048576,16084638,varint-csr,neighbors-batch,1,200000,277635866,38469696,38460784,311296,62621160,3193808.61,157151,249996,512,1.0239,1531811143125
rmat,1048576,16084638,varint-csr,neighbors-batch,2,200000,277635866,38469696,38460784,524288,31102668,6430316.52,151403,259871,512,1.0246,1531811143125
rmat,1048576,16084638,varint-csr,neighbors-batch,4,200000,277635866,38469696,38460784,950272,15647289,12781766.86,153551,244571,512,1.1391,1531811143125
rmat,1048576,16084638,varint-csr,neighbors-batch,1,2000000,277635866,38469696,38460784,311296,614475036,3254810.83,153554,237239,512,1.1071,15001765366615
rmat,1048576,16084638,varint-csr,neighbors-batch,2,2000000,277635866,38469696,38460784,622592,301108078,6642133.33,150290,229085,512,1.0283,15001765366615
rmat,1048576,16084638,varint-csr,neighbors-batch,4,2000000,277635866,38469696,38460784,1048576,150476315,13291128.24,148796,238329,512,1.0136,15001765366615
rmat,1048576,16084638,varint-csr,hasedge,1,200000,277635866,38469696,38460784,140288,308013769,649321.62,3140828,3924960,2048,1.0266,100003
rmat,1048576,16084638,varint-csr,hasedge,2,200000,277635866,38469696,38460784,280576,155017010,1290180.99,3164408,3857812,2048,1.0494,100003
rmat,1048576,16084638,varint-csr,hasedge,4,200000,277635866,38469696,38460784,561152,77648344,2575714.94,3150610,3919976,2048,1.0173,100003
rmat,1048576,16084638,varint-csr,hasedge,1,2000000,277635866,38469696,38460784,140288,3094853337,646234.18,3151139,3772819,2048,1.0259,1000009
rmat,1048576,16084638,varint-csr,hasedge,2,2000000,277635866,38469696,38460784,280576,1524541347,1311869.96,3113614,3680655,2048,1.0675,1000009
rmat,1048576,16084638,varint-csr,hasedge,4,2000000,277635866,38469696,38460784,561152,759840588,2632131.04,3087717,3693677,2048,1.0318,1000009
rmat,1048576,16084638,hybrid,neighbors,1,200000,292890703,72843504,72832000,140288,36184610,5527211.71,87746,156062,512,1.1794,1516646299677
rmat,1048576,16084638,hybrid,neighbors,2,200000,292890703,72843504,72832000,280576,16438225,12166763.75,79623,137617,512,1.0788,1516646299677
rmat,1048576,16084638,hybrid,neighbors,4,200000,292890703,72843504,72832000,561152,8435976,23707985.89,80415,136549,512,1.0710,1516646299677
rmat,1048576,16084638,hybrid,neighbors,1,2000000,292890703,72843504,72832000,140288,379034130,5276569.69,92640,148454,512,1.0593,15002922775153
rmat,1048576,16084638,hybrid,neighbors,2,2000000,292890703,72843504,72832000,280576,174279712,11475805.06,84515,147397,512,1.1112,15002922775153
rmat,1048576,16084638,hybrid,neighbors,4,2000000,292890703,72843504,72832000,561152,86323040,23168785.53,83030,145052,512,1.0161,15002922775153
rmat,1048576,16084638,hybrid,neighbors-batch,1,200000,292890703,72843504,72832000,327680,20932428,9554553.35,49112,95171,512,1.0241,1531811143125
rmat,1048576,16084638,hybrid,neighbors-batch,2,200000,292890703,72843504,72832000,532480,9956909,20086554.97,45918,102891,512,1.1381,1531811143125
rmat,1048576,16084638,hybrid,neighbors-batch,4,200000,292890703,72843504,72832000,942080,5124624,39027253.51,45535,108471,512,1.3133,1531811143125
rmat,1048576,16084638,hybrid,neighbors-batch,1,2000000,292890703,72843504,72832000,327680,219315984,9119262.37,52973,98712,512,1.1395,15001765366615
rmat,1048576,16084638,hybrid,neighbors-batch,2,2000000,292890703,72843504,72832000,655360,110684198,18069426.68,52326,102417,512,1.0790,15001765366615
rmat,1048576,16084638,hybrid,neighbors-batch,4,2000000,292890703,72843504,72832000,1187840,52628466,38002247.68,49205,102028,512,1.0487,15001765366615
rmat,1048576,16084638,hybrid,hasedge,1,200000,292890703,72843504,72832000,140288,28854245,6931389.12,279347,426831,2048,1.0363,100003
rmat,1048576,16084638,hybrid,hasedge,2,200000,292890703,72843504,72832000,280576,13208790,15141432.33,258695,388625,2048,1.0832,100003
rmat,1048576,16084638,hybrid,hasedge,4,200000,292890703,72843504,72832000,561152,6407091,31215414.30,240891,319617,2048,1.0826,100003
rmat,1048576,16084638,hybrid,hasedge,1,2000000,292890703,72843504,72832000,140288,276530432,7232477.04,273536,400310,2048,1.1022,1000009
rmat,1048576,16084638,hybrid,hasedge,2,2000000,292890703,72843504,72832000,280576,126073967,15863703.25,250637,353702,2048,1.0545,1000009
rmat,1048576,16084638,hybrid,hasedge,4,2000000,292890703,72843504,72832000,561152,61953765,32282138.14,243796,363988,2048,1.1016,1000009
grid,199809,797448,adjmap,neighbors,1,200000,68651210,13692144,12787744,34200,17454040,11458665.16,42278,95525,512,2.5325,80071001957
grid,199809,797448,adjmap,neighbors,2,200000,68651210,13692144,12787744,68400,9047949,22104457.04,43290,85524,512,1.0835,80071001957
grid,199809,797448,adjmap,neighbors,4,200000,68651210,13692144,12787744,136800,4342839,46052823.97,38460,90179,512,1.1195,80071001957
grid,199809,797448,adjmap,neighbors,1,2000000,68651210,13692144,12787744,34200,155000482,12903185.68,36515,83675,512,1.1222,797639058804
grid,199809,797448,adjmap,neighbors,2,2000000,68651210,13692144,12787744,68400,79114628,25279775.06,37286,82167,512,1.0204,797639058804
grid,199809,797448,adjmap,neighbors,4,2000000,68651210,13692144,12787744,136800,41166614,48583058.11,37981,94061,512,1.1238,797639058804
grid,199809,797448,adjmap,neighbors-batch,1,200000,68651210,13692144,12787744,34200,16595678,12051330.47,39583,91889,512,1.4740,79789478392
grid,199809,797448,adjmap,neighbors-batch,2,200000,68651210,13692144,12787744,68400,7740095,25839476.13,36727,82641,512,1.0870,79789478392
grid,199809,797448,adjmap,neighbors-batch,4,200000,68651210,13692144,12787744,136800,4026029,49676741.03,36098,86276,512,1.0833,79789478392
grid,199809,797448,adjmap,neighbors-batch,1,2000000,68651210,13692144,12787744,34200,148165217,13498444.78,35132,79557,512,1.1746,797719240166
grid,199809,797448,adjmap,neighbors-batch,2,2000000,68651210,13692144,12787744,68400,78991107,25319305.88,36715,85264,512,1.1069,797719240166
grid,199809,797448,adjmap,neighbors-batch,4,2000000,68651210,13692144,12787744,136800,40422197,49477765.89,37788,86105,512,1.1649,797719240166
grid,199809,797448,adjmap,hasedge,1,200000,68651210,13692144,12787744,34200,19352176,10334755.12,187701,275495,2048,1.2828,100002
grid,199809,797448,adjmap,hasedge,2,200000,68651210,13692144,12787744,68400,9730762,20553374.96,190820,294654,2048,1.1176,100002
grid,199809,797448,adjmap,hasedge,4,200000,68651210,13692144,12787744,136800,5090991,39285082.22,194179,293416,2048,1.0235,100002
grid,199809,797448,adjmap,hasedge,1,2000000,68651210,13692144,12787744,34200,188886497,10588369.37,183603,292294,2048,1.1557,1000016
grid,199809,797448,adjmap,hasedge,2,2000000,68651210,13692144,12787744,68400,95765213,20884410.29,189321,260625,2048,1.1312,1000016
grid,199809,797448,adjmap,hasedge,4,2000000,68651210,13692144,12787744,136800,51364993,38937024.68,200919,353002,2048,1.4911,1000016
grid,199809,797448,adjlist,neighbors,1,200000,13085534,7997520,7992352,34200,10605857,18857504.87,23961,80016,512,1.3579,80071001957
grid,199809,797448,adjlist,neighbors,2,200000,13085534,7997520,7992352,68400,5261281,38013556.01,24364,76043,512,1.1559,80071001957
grid,199809,797448,adjlist,neighbors,4,200000,13085534,7997520,7992352,136800,2773855,72101822.19,25067,71744,512,1.0440,80071001957
grid,199809,797448,adjlist,neighbors,1,2000000,13085534,7997520,7992352,34200,100595424,19881620.06,23817,62359,512,1.1081,797639058804
grid,199809,797448,adjlist,neighbors,2,2000000,13085534,7997520,7992352,68400,51439163,38880881.48,24013,66680,512,1.0607,797639058804
grid,199809,797448,adjlist,neighbors,4,2000000,13085534,7997520,7992352,136800,25237987,79245622.88,23652,62732,512,1.0379,797639058804
grid,199809,797448,adjlist,neighbors-batch,1,200000,13085534,7997520,7992352,34200,7414071,26975733.04,17700,51018,512,1.0333,79789478392
grid,199809,797448,adjlist,neighbors-batch,2,200000,13085534,7997520,7992352,68400,3618335,55274041.79,17195,54281,512,1.0835,79789478392
grid,199809,797448,adjlist,neighbors-batch,4,200000,13085534,7997520,7992352,136800,1933419,103443692.24,16156,56325,512,1.0754,79789478392
grid,199809,797448,adjlist,neighbors-batch,1,2000000,13085534,7997520,7992352,34200,70689517,28292738.23,15749,55970,512,1.2115,797719240166
grid,199809,797448,adjlist,neighbors-batch,2,2000000,13085534,7997520,7992352,68400,36379729,54975670.65,17068,58992,512,1.1553,797719240166
grid,199809,797448,adjlist,neighbors-batch,4,2000000,13085534,7997520,7992352,136800,18356315,108954329.89,16982,52376,512,1.0974,797719240166
grid,199809,797448,adjlist,hasedge,1,200000,13085534,7997520,7992352,34200,8484353,23572805.14,79653,131271,2048,1.0292,100002
grid,199809,797448,adjlist,hasedge,2,200000,13085534,7997520,7992352,68400,4124858,48486517.60,79173,132310,2048,1.0846,100002
grid,199809,797448,adjlist,hasedge,4,200000,13085534,7997520,7992352,136800,2358650,84794267.91,83170,146260,2048,1.1070,100002
grid,199809,797448,adjlist,hasedge,1,2000000,13085534,7997520,7992352,34200,84193902,23754689.50,78119,139946,2048,1.0640,1000016
grid,199809,797448,adjlist,hasedge,2,2000000,13085534,7997520,7992352,68400,42938362,46578395.33,82180,159186,2048,1.0318,1000016
grid,199809,797448,adjlist,hasedge,4,2000000,13085534,7997520,7992352,136800,20329886,98377334.73,75142,136361,2048,1.0644,1000016
grid,199809,797448,adjlist-exact,neighbors,1,200000,10680864,7997472,7985232,34200,8030479,24905114.63,18918,52540,512,1.0500,80071001957
grid,199809,797448,adjlist-exact,neighbors,2,200000,10680864,7997472,7985232,68400,4662779,42892875.69,22196,65724,512,1.0899,80071001957
grid,199809,797448,adjlist-exact,neighbors,4,200000,10680864,7997472,7985232,136800,2505436,79826425.42,23616,63351,512,1.0936,80071001957
grid,199809,797448,adjlist-exact,neighbors,1,2000000,10680864,7997472,7985232,34200,87452454,22869569.79,20391,58122,512,1.2085,797639058804
grid,199809,797448,adjlist-exact,neighbors,2,2000000,10680864,7997472,7985232,68400,46387683,43114893.24,21726,64091,512,1.0641,797639058804
grid,199809,797448,adjlist-exact,neighbors,4,2000000,10680864,7997472,7985232,136800,23769606,84141066.54,21970,66639,512,1.1113,797639058804
grid,199809,797448,adjlist-exact,neighbors-batch,1,200000,10680864,7997472,7985232,34200,7946486,25168357.43,18454,61424,512,1.0149,79789478392
grid,199809,797448,adjlist-exact,neighbors-batch,2,200000,10680864,7997472,7985232,68400,3553177,56287654.68,15506,58740,512,1.0964,79789478392
grid,199809,797448,adjlist-exact,neighbors-batch,4,200000,10680864,7997472,7985232,136800,1868861,107017054.77,15551,47596,512,1.0618,79789478392
grid,199809,797448,adjlist-exact,neighbors-batch,1,2000000,10680864,7997472,7985232,34200,62552943,31972916.13,14568,48075,512,1.0532,797719240166
grid,199809,797448,adjlist-exact,neighbors-batch,2,2000000,10680864,7997472,7985232,68400,35227231,56774260.80,16577,55311,512,1.0182,797719240166
grid,199809,797448,adjlist-exact,neighbors-batch,4,2000000,10680864,7997472,7985232,136800,18344662,109023540.47,16893,55457,512,1.0705,797719240166
grid,199809,797448,adjlist-exact,hasedge,1,200000,10680864,7997472,7985232,34200,13168377,15187900.53,125609,256248,2048,1.0717,100002
grid,199809,797448,adjlist-exact,hasedge,2,200000,10680864,7997472,7985232,68400,4952629,40382592.76,84431,198263,2048,1.0941,100002
grid,199809,797448,adjlist-exact,hasedge,4,200000,10680864,7997472,7985232,136800,2345663,85263739.93,77635,169529,2048,1.0676,100002
grid,199809,797448,adjlist-exact,hasedge,1,2000000,10680864,7997472,7985232,34200,73617708,27167376.63,69524,123904,2048,1.1655,1000016
grid,199809,797448,adjlist-exact,hasedge,2,2000000,10680864,7997472,7985232,68400,40177275,49779383.99,77219,136996,2048,1.0445,1000016
grid,199809,797448,adjlist-exact,hasedge,4,2000000,10680864,7997472,7985232,136800,19227074,104019987.65,71326,130960,2048,1.1132,1000016
grid,199809,797448,csr,neighbors,1,200000,7230673,3997744,3989080,34200,6610363,30255524.55,15750,46332,512,1.0838,80071001957
grid,199809,797448,csr,neighbors,2,200000,7230673,3997744,3989080,68400,3436596,58197122.97,16233,47628,512,1.0602,80071001957
grid,199809,797448,csr,neighbors,4,200000,7230673,3997744,3989080,136800,1894103,105590878.64,16938,52096,512,1.0899,80071001957
grid,199809,797448,csr,neighbors,1,2000000,7230673,3997744,3989080,34200,69076975,28953207.64,16152,48892,512,1.2044,797639058804
grid,199809,797448,csr,neighbors,2,2000000,7230673,3997744,3989080,68400,38386814,52101224.13,18060,51492,512,1.0565,797639058804
grid,199809,797448,csr,neighbors,4,2000000,7230673,3997744,3989080,136800,18151306,110184909.01,16663,50198,512,1.0740,797639058804
grid,199809,797448,csr,neighbors-batch,1,200000,7230673,3997744,3989080,34200,5160586,38755288.64,11917,43384,512,1.2884,79789478392
grid,199809,797448,csr,neighbors-batch,2,200000,7230673,3997744,3989080,68400,2510903,79652619.00,11431,38100,512,1.1100,79789478392
grid,199809,797448,csr,neighbors-batch,4,200000,7230673,3997744,3989080,136800,1465358,136485418.58,12952,40731,512,1.1481,79789478392
grid,199809,797448,csr,neighbors-batch,1,2000000,7230673,3997744,3989080,34200,48940466,40865977.86,11407,38615,512,1.1254,797719240166
grid,199809,797448,csr,neighbors-batch,2,2000000,7230673,3997744,3989080,68400,25119286,79620097.48,11583,39809,512,1.1243,797719240166
grid,199809,797448,csr,neighbors-batch,4,2000000,7230673,3997744,3989080,136800,13122462,152410424.20,11777,42889,512,1.1072,797719240166
grid,199809,797448,csr,hasedge,1,200000,7230673,3997744,3989080,34200,8017780,24944560.71,75956,137288,2048,1.1001,100002
grid,199809,797448,csr,hasedge,2,200000,7230673,3997744,3989080,68400,3975359,50309921.70,75974,119744,2048,1.2265,100002
grid,199809,797448,csr,hasedge,4,200000,7230673,3997744,3989080,136800,2040232,98028067.40,73530,118140,2048,1.0666,100002
grid,199809,797448,csr,hasedge,1,2000000,7230673,3997744,3989080,34200,74254180,26934510.62,70478,127764,2048,1.0339,1000016
grid,199809,797448,csr,hasedge,2,2000000,7230673,3997744,3989080,68400,38895408,51419951.68,74228,127665,2048,1.0962,1000016
grid,199809,797448,csr,hasedge,4,2000000,7230673,3997744,3989080,136800,19768277,101172196.24,75286,133707,2048,1.0746,1000016
grid,199809,797448,csr-slices,neighbors,1,200000,11637493,7995440,7985256,34200,9926879,20147319.21,23312,65526,512,1.0423,80071001957
grid,199809,797448,csr-slices,neighbors,2,200000,11637493,7995440,7985256,68400,5166003,38714650.38,23810,62897,512,1.1738,80071001957
grid,199809,797448,csr-slices,neighbors,4,200000,11637493,7995440,7985256,136800,2405801,83132395.41,20975,62240,512,1.0894,80071001957
grid,199809,797448,csr-slices,neighbors,1,2000000,11637493,7995440,7985256,34200,98549642,20294340.59,22837,65382,512,1.1437,797639058804
grid,199809,797448,csr-slices,neighbors,2,2000000,11637493,7995440,7985256,68400,49329705,40543522.41,22659,67844,512,1.1680,797639058804
grid,199809,797448,csr-slices,neighbors,4,2000000,11637493,7995440,7985256,136800,24470192,81732092.66,22500,69071,512,1.2648,797639058804
grid,199809,797448,csr-slices,neighbors-batch,1,200000,11637493,7995440,7985256,34200,7428818,26922183.31,17690,53898,512,1.0243,79789478392
grid,199809,797448,csr-slices,neighbors-batch,2,200000,11637493,7995440,7985256,68400,3767601,53084177.44,17526,54581,512,1.0455,79789478392
grid,199809,797448,csr-slices,neighbors-batch,4,200000,11637493,7995440,7985256,136800,1877193,106542055.08,16901,48976,512,1.2070,79789478392
grid,199809,797448,csr-slices,neighbors-batch,1,2000000,11637493,7995440,7985256,34200,75329320,26550087.00,17656,54432,512,1.2270,797719240166
grid,199809,797448,csr-slices,neighbors-batch,2,2000000,11637493,7995440,7985256,68400,35567011,56231882.97,16242,56433,512,1.0449,797719240166
grid,199809,797448,csr-slices,neighbors-batch,4,2000000,11637493,7995440,7985256,136800,17532510,114073797.76,15545,50112,512,1.1128,797719240166
grid,199809,797448,csr-slices,hasedge,1,200000,11637493,7995440,7985256,34200,8772426,22798710.41,80524,167423,2048,1.1414,100002
grid,199809,797448,csr-slices,hasedge,2,200000,11637493,7995440,7985256,68400,4244976,47114518.43,79475,147816,2048,1.1873,100002
grid,199809,797448,csr-slices,hasedge,4,200000,11637493,7995440,7985256,136800,2320972,86170793.96,81797,147148,2048,1.0463,100002
grid,199809,797448,csr-slices,hasedge,1,2000000,11637493,7995440,7985256,34200,82142436,24347950.92,77080,133421,2048,1.0880,1000016
grid,199809,797448,csr-slices,hasedge,2,2000000,11637493,7995440,7985256,68400,41092992,48670099.27,76581,143799,2048,1.0381,1000016
grid,199809,797448,csr-slices,hasedge,4,2000000,11637493,7995440,7985256,136800,20495480,97582491.36,76509,139905,2048,1.0835,1000016
grid,199809,797448,edgelist,neighbors,1,200000,3442596,6381600,6379608,34200,42071634,4753796.82,100710,159238,512,1.1078,80071001957
grid,199809,797448,edgelist,neighbors,2,200000,3442596,6381600,6379608,68400,21662300,9232629.96,102975,169087,512,1.0394,80071001957
grid,199809,797448,edgelist,neighbors,4,200000,3442596,6381600,6379608,136800,11067900,18070275.30,103797,179189,512,1.0287,80071001957
grid,199809,797448,edgelist,neighbors,1,2000000,3442596,6381600,6379608,34200,436641946,4580411.98,102913,182132,512,1.0284,797639058804
grid,199809,797448,edgelist,neighbors,2,2000000,3442596,6381600,6379608,68400,210575351,9497787.80,100632,163968,512,1.0335,797639058804
grid,199809,797448,edgelist,neighbors,4,2000000,3442596,6381600,6379608,136800,107478561,18608362.28,102501,165174,512,1.0290,797639058804
grid,199809,797448,edgelist,neighbors-batch,1,200000,3442596,6381600,6379608,34200,41753306,4790039.86,100218,154294,512,1.0159,79789478392
grid,199809,797448,edgelist,neighbors-batch,2,200000,3442596,6381600,6379608,68400,21043153,9504279.14,100368,164315,512,1.0954,79789478392
grid,199809,797448,edgelist,neighbors-batch,4,200000,3442596,6381600,6379608,136800,10719200,18658108.81,101651,159356,512,1.0634,79789478392
grid,199809,797448,edgelist,neighbors-batch,1,2000000,3442596,6381600,6379608,34200,424283947,4713824.35,101174,160620,512,1.0285,797719240166
grid,199809,797448,edgelist,neighbors-batch,2,2000000,3442596,6381600,6379608,68400,212995586,9389865.95,102168,159066,512,1.0782,797719240166
grid,199809,797448,edgelist,neighbors-batch,4,2000000,3442596,6381600,6379608,136800,107380046,18625434.38,102397,179213,512,1.0684,797719240166
grid,199809,797448,edgelist,hasedge,1,200000,3442596,6381600,6379608,34200,38302027,5221655.76,377845,461786,2048,1.0319,100002
grid,199809,797448,edgelist,hasedge,2,200000,3442596,6381600,6379608,68400,21316180,9382544.15,419957,769314,2048,1.0477,100002
grid,199809,797448,edgelist,hasedge,4,200000,3442596,6381600,6379608,136800,11141725,17950541.77,438511,578215,2048,1.0441,100002
grid,199809,797448,edgelist,hasedge,1,2000000,3442596,6381600,6379608,34200,395785801,5053238.38,401769,496167,2048,1.0438,1000016
grid,199809,797448,edgelist,hasedge,2,2000000,3442596,6381600,6379608,68400,201089652,9945812.63,406096,535780,2048,1.0192,1000016
grid,199809,797448,edgelist,hasedge,4,2000000,3442596,6381600,6379608,136800,101410192,19721883.58,408006,565575,2048,1.0360,1000016
grid,199809,797448,varint-csr,neighbors,1,200000,10811164,2801840,2793802,34200,9735040,20544342.91,23668,49019,512,1.0281,80071001957
grid,199809,797448,varint-csr,neighbors,2,200000,10811164,2801840,2793802,68400,5444150,36736680.66,25472,65367,512,1.2055,80071001957
grid,199809,797448,varint-csr,neighbors,4,200000,10811164,2801840,2793802,136800,3012321,66393986.56,26541,67994,512,1.1439,80071001957
grid,199809,797448,varint-csr,neighbors,1,2000000,10811164,2801840,2793802,34200,109362151,18287862.68,26065,61706,512,1.0615,797639058804
grid,199809,797448,varint-csr,neighbors,2,2000000,10811164,2801840,2793802,68400,55926325,35761334.22,26023,65985,512,1.0918,797639058804
grid,199809,797448,varint-csr,neighbors,4,2000000,10811164,2801840,2793802,136800,27222443,73468791.91,25549,61285,512,1.3464,797639058804
grid,199809,797448,varint-csr,neighbors-batch,1,200000,10811164,2801840,2793802,34200,10473342,19096101.32,25135,59211,512,1.1771,79789478392
grid,199809,797448,varint-csr,neighbors-batch,2,200000,10811164,2801840,2793802,68400,5240558,38163874.92,25002,59224,512,1.5731,79789478392
grid,199809,797448,varint-csr,neighbors-batch,4,200000,10811164,2801840,2793802,136800,2891131,69177079.83,25812,71111,512,1.1479,79789478392
grid,199809,797448,varint-csr,neighbors-batch,1,2000000,10811164,2801840,2793802,34200,107001078,18691400.47,25120,63782,512,1.0522,797719240166
grid,199809,797448,varint-csr,neighbors-batch,2,2000000,10811164,2801840,2793802,68400,56357808,35487540.61,25634,68931,512,1.4078,797719240166
grid,199809,797448,varint-csr,neighbors-batch,4,2000000,10811164,2801840,2793802,136800,27253945,73383871.58,24807,64475,512,1.1096,797719240166
grid,199809,797448,varint-csr,hasedge,1,200000,10811164,2801840,2793802,34200,11107796,18005372.08,105281,177129,2048,1.3938,100002
grid,199809,797448,varint-csr,hasedge,2,200000,10811164,2801840,2793802,68400,5187004,38557903.56,99514,177831,2048,1.1613,100002
grid,199809,797448,varint-csr,hasedge,4,200000,10811164,2801840,2793802,136800,3222292,62067621.43,121612,201534,2048,1.0967,100002
grid,199809,797448,varint-csr,hasedge,1,2000000,10811164,2801840,2793802,34200,98884817,20225551.92,95379,165545,2048,1.1144,1000016
grid,199809,797448,varint-csr,hasedge,2,2000000,10811164,2801840,2793802,68400,53641153,37284806.31,101896,214094,2048,1.0454,1000016
grid,199809,797448,varint-csr,hasedge,4,2000000,10811164,2801840,2793802,136800,25620199,78063406.14,96947,176049,2048,1.0310,1000016
grid,199809,797448,hybrid,neighbors,1,200000,15874917,4827920,4813372,34200,7434747,26900713.64,16871,58988,512,1.1455,80071001957
grid,199809,797448,hybrid,neighbors,2,200000,15874917,4827920,4813372,68400,3878434,51567204.70,18218,51193,512,1.0472,80071001957
grid,199809,797448,hybrid,neighbors,4,200000,15874917,4827920,4813372,136800,2060825,97048512.12,19057,52802,512,1.0641,80071001957
grid,199809,797448,hybrid,neighbors,1,2000000,15874917,4827920,4813372,34200,79275699,25228412.05,18653,59372,512,1.1015,797639058804
grid,199809,797448,hybrid,neighbors,2,2000000,15874917,4827920,4813372,68400,40608984,49250185.62,18934,54317,512,1.0428,797639058804
grid,199809,797448,hybrid,neighbors,4,2000000,15874917,4827920,4813372,136800,20923540,95586119.75,19147,58238,512,1.1437,797639058804
grid,199809,797448,hybrid,neighbors-batch,1,200000,15874917,4827920,4813372,34200,6331219,31589493.27,14375,54790,512,1.6633,79789478392
grid,199809,797448,hybrid,neighbors-batch,2,200000,15874917,4827920,4813372,68400,3181417,62865069.24,14571,53697,512,1.1423,79789478392
grid,199809,797448,hybrid,neighbors-batch,4,200000,15874917,4827920,4813372,136800,1914187,104482999.83,14426,47958,512,1.1108,79789478392
grid,199809,797448,hybrid,neighbors-batch,1,2000000,15874917,4827920,4813372,34200,60214017,33214857.60,14079,48094,512,1.0886,797719240166
grid,199809,797448,hybrid,neighbors-batch,2,2000000,15874917,4827920,4813372,68400,25850826,77366966.92,11845,40037,512,1.5070,797719240166
grid,199809,797448,hybrid,neighbors-batch,4,2000000,15874917,4827920,4813372,136800,13956486,143302547.65,12775,43532,512,1.0473,797719240166
grid,199809,797448,hybrid,hasedge,1,200000,15874917,4827920,4813372,34200,7260664,27545690.04,69544,107527,2048,1.0243,100002
grid,199809,797448,hybrid,hasedge,2,200000,15874917,4827920,4813372,68400,3796029,52686636.48,69983,141399,2048,1.0616,100002
grid,199809,797448,hybrid,hasedge,4,200000,15874917,4827920,4813372,136800,2128965,93942361.66,75968,138334,2048,1.0775,100002
grid,199809,797448,hybrid,hasedge,1,2000000,15874917,4827920,4813372,34200,87498372,22857568.14,82127,148598,2048,1.0246,1000016
grid,199809,797448,hybrid,hasedge,2,2000000,15874917,4827920,4813372,68400,42832535,46693477.28,81395,146287,2048,1.0488,1000016
grid,199809,797448,hybrid,hasedge,4,2000000,15874917,4827920,4813372,136800,21530887,92889809.88,80009,151931,2048,1.0353,1000016
grid,1000000,3996000,adjmap,neighbors,1,200000,516357273,99723360,63999968,134216,27784714,7198202.58,64825,126273,512,1.2305,401238616564
grid,1000000,3996000,adjmap,neighbors,2,200000,516357273,99723360,63999968,268432,10792768,18530927.38,51711,101787,512,1.1746,401238616564
grid,1000000,3996000,adjmap,neighbors,4,200000,516357273,99723360,63999968,536864,5332616,37505044.43,49584,95865,512,1.0705,401238616564
grid,1000000,3996000,adjmap,neighbors,1,2000000,516357273,99723360,63999968,134216,269266495,7427585.82,63191,117162,512,1.2979,3996882821034
grid,1000000,3996000,adjmap,neighbors,2,2000000,516357273,99723360,63999968,268432,114596527,17452535.89,54024,107169,512,1.1180,3996882821034
grid,1000000,3996000,adjmap,neighbors,4,2000000,516357273,99723360,63999968,536864,56729650,35254932.83,53350,111738,512,1.3121,3996882821034
grid,1000000,3996000,adjmap,neighbors-batch,1,200000,516357273,99723360,63999968,134216,19971742,10014148.99,46755,98815,512,1.1996,399770767533
grid,1000000,3996000,adjmap,neighbors-batch,2,200000,516357273,99723360,63999968,268432,11067396,18071098.21,49483,110149,512,1.0834,399770767533
grid,1000000,3996000,adjmap,neighbors-batch,4,200000,516357273,99723360,63999968,536864,4983592,40131696.17,45331,101678,512,1.0784,399770767533
grid,1000000,3996000,adjmap,neighbors-batch,1,2000000,516357273,99723360,63999968,134216,262492556,7619263.69,62517,124552,512,1.0532,3997377773882
grid,1000000,3996000,adjmap,neighbors-batch,2,2000000,516357273,99723360,63999968,268432,106213658,18829970.06,49078,102037,512,1.0994,3997377773882
grid,1000000,3996000,adjmap,neighbors-batch,4,2000000,516357273,99723360,63999968,536864,48256482,41445209.37,45205,92448,512,1.0584,3997377773882
grid,1000000,3996000,adjmap,hasedge,1,200000,516357273,99723360,63999968,134216,28695720,6969680.50,287271,452093,2048,1.2136,100002
grid,1000000,3996000,adjmap,hasedge,2,200000,516357273,99723360,63999968,268432,12956547,15436211.52,258771,391792,2048,1.1295,100002
grid,1000000,3996000,adjmap,hasedge,4,200000,516357273,99723360,63999968,536864,6164460,32444042.14,236884,323574,2048,1.1045,100002
grid,1000000,3996000,adjmap,hasedge,1,2000000,516357273,99723360,63999968,134216,316469477,6319724.79,317833,451599,2048,1.0387,1000006
grid,1000000,3996000,adjmap,hasedge,2,2000000,516357273,99723360,63999968,268432,143896688,13898860.55,287838,439533,2048,1.0644,1000006
grid,1000000,3996000,adjmap,hasedge,4,2000000,516357273,99723360,63999968,536864,67329984,29704447.87,265999,390407,2048,1.1103,1000006
grid,1000000,3996000,adjlist,neighbors,1,200000,56979987,40002640,39999992,134216,12609223,15861405.58,29697,67853,512,1.1197,401238616564
grid,1000000,3996000,adjlist,neighbors,2,200000,56979987,40002640,39999992,268432,6760307,29584455.26,30512,91262,512,1.1210,401238616564
grid,1000000,3996000,adjlist,neighbors,4,200000,56979987,40002640,39999992,536864,3734491,53554821.79,31995,88211,512,1.0703,401238616564
grid,1000000,3996000,adjlist,neighbors,1,2000000,56979987,40002640,39999992,134216,128837102,15523478.63,30525,74190,512,1.2952,3996882821034
grid,1000000,3996000,adjlist,neighbors,2,2000000,56979987,40002640,39999992,268432,67265072,29733113.20,31993,83278,512,1.2770,3996882821034
grid,1000000,3996000,adjlist,neighbors,4,2000000,56979987,40002640,39999992,536864,32049738,62403006.23,29764,74452,512,1.1059,3996882821034
grid,1000000,3996000,adjlist,neighbors-batch,1,200000,56979987,40002640,39999992,134216,10505010,19038534.95,24762,59529,512,1.1523,399770767533
grid,1000000,3996000,adjlist,neighbors-batch,2,200000,56979987,40002640,39999992,268432,4737187,42219148.20,21854,67672,512,1.0622,399770767533
grid,1000000,3996000,adjlist,neighbors-batch,4,200000,56979987,40002640,39999992,536864,2580523,77503668.83,22389,68588,512,1.1028,399770767533
grid,1000000,3996000,adjlist,neighbors-batch,1,2000000,56979987,40002640,39999992,134216,130249276,15355171.72,30685,73827,512,1.2490,3997377773882
grid,1000000,3996000,adjlist,neighbors-batch,2,2000000,56979987,40002640,39999992,268432,60965624,32805372.42,28404,69822,512,1.0477,3997377773882
grid,1000000,3996000,adjlist,neighbors-batch,4,2000000,56979987,40002640,39999992,536864,24636273,81181110.47,22017,65053,512,1.1394,3997377773882
grid,1000000,3996000,adjlist,hasedge,1,200000,56979987,40002640,39999992,134216,11859848,16863622.54,109810,217658,2048,1.0815,100002
grid,1000000,3996000,adjlist,hasedge,2,200000,56979987,40002640,39999992,268432,5768628,34670289.02,107131,196883,2048,1.2267,100002
grid,1000000,3996000,adjlist,hasedge,4,200000,56979987,40002640,39999992,536864,2769758,72208474.53,100964,149898,2048,1.0621,100002
grid,1000000,3996000,adjlist,hasedge,1,2000000,56979987,40002640,39999992,134216,115630866,17296419.80,109288,194653,2048,1.0961,1000006
grid,1000000,3996000,adjlist,hasedge,2,2000000,56979987,40002640,39999992,268432,50837419,39341100.30,95581,160813,2048,1.1286,1000006
grid,1000000,3996000,adjlist,hasedge,4,2000000,56979987,40002640,39999992,536864,25699054,77823876.32,97821,160102,2048,1.0469,1000006
grid,1000000,3996000,adjlist-exact,neighbors,1,200000,57204365,40002576,39984024,134216,14515399,13778470.71,34869,83289,512,1.0713,401238616564
grid,1000000,3996000,adjlist-exact,neighbors,2,200000,57204365,40002576,39984024,268432,7094055,28192620.44,31448,79731,512,1.0304,401238616564
grid,1000000,3996000,adjlist-exact,neighbors,4,200000,57204365,40002576,39984024,536864,3094524,64630295.32,27290,67420,512,1.0618,401238616564
grid,1000000,3996000,adjlist-exact,neighbors,1,2000000,57204365,40002576,39984024,134216,125892180,15886610.27,29532,75343,512,1.1299,3996882821034
grid,1000000,3996000,adjlist-exact,neighbors,2,2000000,57204365,40002576,39984024,268432,62771121,31861785.61,29067,74665,512,1.0699,3996882821034
grid,1000000,3996000,adjlist-exact,neighbors,4,2000000,57204365,40002576,39984024,536864,32272063,61973106.58,29287,76313,512,1.0648,3996882821034
grid,1000000,3996000,adjlist-exact,neighbors-batch,1,200000,57204365,40002576,39984024,134216,10101517,19799006.43,22870,68317,512,1.0416,399770767533
grid,1000000,3996000,adjlist-exact,neighbors-batch,2,200000,57204365,40002576,39984024,268432,4735878,42230817.60,22317,65384,512,1.1913,399770767533
grid,1000000,3996000,adjlist-exact,neighbors-batch,4,200000,57204365,40002576,39984024,536864,2386004,83822156.21,19874,55054,512,1.0545,399770767533
grid,1000000,3996000,adjlist-exact,neighbors-batch,1,2000000,57204365,40002576,39984024,134216,114038208,17537981.66,27093,64060,512,1.1010,3997377773882
grid,1000000,3996000,adjlist-exact,neighbors-batch,2,2000000,57204365,40002576,39984024,268432,49383430,40499414.48,23346,65577,512,1.0877,3997377773882
grid,1000000,3996000,adjlist-exact,neighbors-batch,4,2000000,57204365,40002576,39984024,536864,24097897,82994794.11,22220,60807,512,1.0542,3997377773882
grid,1000000,3996000,adjlist-exact,hasedge,1,200000,57204365,40002576,39984024,134216,10349730,19324175.61,98609,151217,2048,1.0234,100002
grid,1000000,3996000,adjlist-exact,hasedge,2,200000,57204365,40002576,39984024,268432,5122704,39041881.01,94988,150563,2048,1.0570,100002
grid,1000000,3996000,adjlist-exact,hasedge,4,200000,57204365,40002576,39984024,536864,2781390,71906492.80,96734,174897,2048,1.3352,100002
grid,1000000,3996000,adjlist-exact,hasedge,1,2000000,57204365,40002576,39984024,134216,103230016,19374209.92,97607,166580,2048,1.0855,1000006
grid,1000000,3996000,adjlist-exact,hasedge,2,2000000,57204365,40002576,39984024,268432,47750328,41884529.04,89764,146029,2048,1.1003,1000006
grid,1000000,3996000,adjlist-exact,hasedge,4,2000000,57204365,40002576,39984024,536864,23441694,85318066.18,87640,141073,2048,1.0492,1000006
grid,1000000,3996000,csr,neighbors,1,200000,37178271,19996720,19984052,134216,10008400,19983214.10,23005,64923,512,1.2569,401238616564
grid,1000000,3996000,csr,neighbors,2,200000,37178271,19996720,19984052,268432,7646582,26155477.05,38607,81335,512,1.1609,401238616564
grid,1000000,3996000,csr,neighbors,4,200000,37178271,19996720,19984052,536864,3209961,62306052.94,26861,75153,512,1.1390,401238616564
grid,1000000,3996000,csr,neighbors,1,2000000,37178271,19996720,19984052,134216,111657833,17911864.72,25691,73045,512,1.1164,3996882821034
grid,1000000,3996000,csr,neighbors,2,2000000,37178271,19996720,19984052,268432,53597919,37314881.57,25830,68970,512,1.0498,3996882821034
grid,1000000,3996000,csr,neighbors,4,2000000,37178271,19996720,19984052,536864,32332228,61857784.75,25397,83200,512,1.0547,3996882821034
grid,1000000,3996000,csr,neighbors-batch,1,200000,37178271,19996720,19984052,134216,9038475,22127626.62,21239,58634,512,1.2006,399770767533
grid,1000000,3996000,csr,neighbors-batch,2,200000,37178271,19996720,19984052,268432,4607846,43404228.35,21175,62060,512,1.2445,399770767533
grid,1000000,3996000,csr,neighbors-batch,4,200000,37178271,19996720,19984052,536864,2302623,86857466.46,20734,63620,512,1.0498,399770767533
grid,1000000,3996000,csr,neighbors-batch,1,2000000,37178271,19996720,19984052,134216,82699348,24183987.52,19197,54742,512,1.0723,3997377773882
grid,1000000,3996000,csr,neighbors-batch,2,2000000,37178271,19996720,19984052,268432,41082083,48683023.21,19524,54509,512,1.0712,3997377773882
grid,1000000,3996000,csr,neighbors-batch,4,2000000,37178271,19996720,19984052,536864,21344684,93700145.67,19522,56686,512,1.1335,3997377773882
grid,1000000,3996000,csr,hasedge,1,200000,37178271,19996720,19984052,134216,10377038,19273322.50,97103,161821,2048,1.0369,100002
grid,1000000,3996000,csr,hasedge,2,200000,37178271,19996720,19984052,268432,5000823,39993417.08,96494,237783,2048,1.1901,100002
grid,1000000,3996000,csr,hasedge,4,200000,37178271,19996720,19984052,536864,2692737,74273870.79,97669,165852,2048,1.2055,100002
grid,1000000,3996000,csr,hasedge,1,2000000,37178271,19996720,19984052,134216,109917112,18195529.01,101937,172644,2048,1.0280,1000006
grid,1000000,3996000,csr,hasedge,2,2000000,37178271,19996720,19984052,268432,53361926,37479906.55,100078,175600,2048,1.0559,1000006
grid,1000000,3996000,csr,hasedge,4,2000000,37178271,19996720,19984052,536864,25382875,78793280.90,97173,159517,2048,1.0396,1000006
grid,1000000,3996000,csr-slices,neighbors,1,200000,59727312,39993392,39984048,134216,16369363,12217946.42,37999,86117,512,1.2003,401238616564
grid,1000000,3996000,csr-slices,neighbors,2,200000,59727312,39993392,39984048,268432,7289179,27437932.31,33329,81513,512,1.1898,401238616564
grid,1000000,3996000,csr-slices,neighbors,4,200000,59727312,39993392,39984048,536864,3494212,57237511.63,30899,83456,512,1.1311,401238616564
grid,1000000,3996000,csr-slices,neighbors,1,2000000,59727312,39993392,39984048,134216,140079909,14277564.96,32580,85061,512,1.0617,3996882821034
grid,1000000,3996000,csr-slices,neighbors,2,2000000,59727312,39993392,39984048,268432,60887831,32847286.02,28746,69637,512,1.1304,3996882821034
grid,1000000,3996000,csr-slices,neighbors,4,2000000,59727312,39993392,39984048,536864,32555552,61433453.81,30236,77770,512,1.0878,3996882821034
grid,1000000,3996000,csr-slices,neighbors-batch,1,200000,59727312,39993392,39984048,134216,8914758,22434708.83,20564,64756,512,1.1047,399770767533
grid,1000000,3996000,csr-slices,neighbors-batch,2,200000,59727312,39993392,39984048,268432,4412325,45327576.73,20327,58341,512,1.0964,399770767533
grid,1000000,3996000,csr-slices,neighbors-batch,4,200000,59727312,39993392,39984048,536864,2370792,84359994.47,20162,62375,512,1.2558,399770767533
grid,1000000,3996000,csr-slices,neighbors-batch,1,2000000,59727312,39993392,39984048,134216,123253838,16226675.23,28727,69015,512,1.1016,3997377773882
grid,1000000,3996000,csr-slices,neighbors-batch,2,2000000,59727312,39993392,39984048,268432,53123216,37648323.10,24866,69221,512,1.1084,3997377773882
grid,1000000,3996000,csr-slices,neighbors-batch,4,2000000,59727312,39993392,39984048,536864,25849212,77371797.64,23318,65506,512,1.1159,3997377773882
grid,1000000,3996000,csr-slices,hasedge,1,200000,59727312,39993392,39984048,134216,10857904,18419761.31,100013,172026,2048,1.1511,100002
grid,1000000,3996000,csr-slices,hasedge,2,200000,59727312,39993392,39984048,268432,5145113,38871838.19,98555,147193,2048,1.0536,100002
grid,1000000,3996000,csr-slices,hasedge,4,200000,59727312,39993392,39984048,536864,2973108,67269672.01,100590,192311,2048,1.2062,100002
grid,1000000,3996000,csr-slices,hasedge,1,2000000,59727312,39993392,39984048,134216,114756381,17428224.75,107746,181013,2048,1.0609,1000006
grid,1000000,3996000,csr-slices,hasedge,2,2000000,59727312,39993392,39984048,268432,52166331,38338904.84,98988,166720,2048,1.0907,1000006
grid,1000000,3996000,csr-slices,hasedge,4,2000000,59727312,39993392,39984048,536864,26852420,74481182.70,100663,178386,2048,1.0896,1000006
grid,1000000,3996000,edgelist,neighbors,1,200000,14324665,31973408,31968024,134216,77837158,2569466.89,188292,311963,512,1.0241,401238616564
grid,1000000,3996000,edgelist,neighbors,2,200000,14324665,31973408,31968024,268432,39812847,5023504.10,191212,321358,512,1.0957,401238616564
grid,1000000,3996000,edgelist,neighbors,4,200000,14324665,31973408,31968024,536864,19963567,10018249.74,190885,292218,512,1.0588,401238616564
grid,1000000,3996000,edgelist,neighbors,1,2000000,14324665,31973408,31968024,134216,744745529,2685481.04,178041,245268,512,1.0308,3996882821034
grid,1000000,3996000,edgelist,neighbors,2,2000000,14324665,31973408,31968024,268432,379961184,5263695.57,181804,263426,512,1.0195,3996882821034
grid,1000000,3996000,edgelist,neighbors,4,2000000,14324665,31973408,31968024,536864,194542141,10280548.93,186771,294119,512,1.0305,3996882821034
grid,1000000,3996000,edgelist,neighbors-batch,1,200000,14324665,31973408,31968024,134216,74387715,2688615.99,179491,247465,512,1.1293,399770767533
grid,1000000,3996000,edgelist,neighbors-batch,2,200000,14324665,31973408,31968024,268432,38223664,5232360.77,185248,287640,512,1.1003,399770767533
grid,1000000,3996000,edgelist,neighbors-batch,4,200000,14324665,31973408,31968024,536864,19155466,10440884.08,183521,261639,512,1.0273,399770767533
grid,1000000,3996000,edgelist,neighbors-batch,1,2000000,14324665,31973408,31968024,134216,724019699,2762355.78,177029,230431,512,1.0603,3997377773882
grid,1000000,3996000,edgelist,neighbors-batch,2,2000000,14324665,31973408,31968024,268432,357023462,5601872.74,175280,242637,512,1.0299,3997377773882
grid,1000000,3996000,edgelist,neighbors-batch,4,2000000,14324665,31973408,31968024,536864,188160958,10629197.58,181540,267334,512,1.0351,3997377773882
grid,1000000,3996000,edgelist,hasedge,1,200000,14324665,31973408,31968024,134216,72604640,2754644.88,731597,959209,2048,1.0444,100002
grid,1000000,3996000,edgelist,hasedge,2,200000,14324665,31973408,31968024,268432,37707768,5303946.92,748827,1053136,2048,1.0239,100002
grid,1000000,3996000,edgelist,hasedge,4,200000,14324665,31973408,31968024,536864,18836568,10617645.42,743229,1085153,2048,1.0412,100002
grid,1000000,3996000,edgelist,hasedge,1,2000000,14324665,31973408,31968024,134216,730924568,2736260.47,741388,888138,2048,1.0584,1000006
grid,1000000,3996000,edgelist,hasedge,2,2000000,14324665,31973408,31968024,268432,356633563,5607997.14,729327,843822,2048,1.0505,1000006
grid,1000000,3996000,edgelist,hasedge,4,2000000,14324665,31973408,31968024,536864,184028490,10867882.47,744977,958884,2048,1.0346,1000006
grid,1000000,3996000,varint-csr,neighbors,1,200000,62717992,14000192,13992052,134216,18959212,10548961.63,44359,98971,512,1.2300,401238616564
grid,1000000,3996000,varint-csr,neighbors,2,200000,62717992,14000192,13992052,268432,9819325,20367998.82,45889,96939,512,1.1096,401238616564
grid,1000000,3996000,varint-csr,neighbors,4,200000,62717992,14000192,13992052,536864,4958666,40333428.39,45160,91703,512,1.0519,401238616564
grid,1000000,3996000,varint-csr,neighbors,1,2000000,62717992,14000192,13992052,134216,173799868,11507488.60,41034,84332,512,1.1241,3996882821034
grid,1000000,3996000,varint-csr,neighbors,2,2000000,62717992,14000192,13992052,268432,90941346,21992197.04,42684,95882,512,1.1232,3996882821034
grid,1000000,3996000,varint-csr,neighbors,4,2000000,62717992,14000192,13992052,536864,49419271,40470042.55,44603,107758,512,1.0863,3996882821034
grid,1000000,3996000,varint-csr,neighbors-batch,1,200000,62717992,14000192,13992052,134216,19928142,10036058.55,46142,102123,512,1.1144,399770767533
grid,1000000,3996000,varint-csr,neighbors-batch,2,200000,62717992,14000192,13992052,268432,9381413,21318750.17,44284,93815,512,1.2363,399770767533
grid,1000000,3996000,varint-csr,neighbors-batch,4,200000,62717992,14000192,13992052,536864,4890880,40892436.53,43817,111995,512,1.1452,399770767533
grid,1000000,3996000,varint-csr,neighbors-batch,1,2000000,62717992,14000192,13992052,134216,191891027,10422582.19,45240,91107,512,1.0273,3997377773882
grid,1000000,3996000,varint-csr,neighbors-batch,2,2000000,62717992,14000192,13992052,268432,96016676,20829715.04,43916,104000,512,1.0229,3997377773882
grid,1000000,3996000,varint-csr,neighbors-batch,4,2000000,62717992,14000192,13992052,536864,46320776,43177169.57,41326,100394,512,1.1124,3997377773882
grid,1000000,3996000,varint-csr,hasedge,1,200000,62717992,14000192,13992052,134216,15878672,12595511.77,151741,249277,2048,1.4286,100002
grid,1000000,3996000,varint-csr,hasedge,2,200000,62717992,14000192,13992052,268432,9244804,21633773.96,178328,259636,2048,1.0301,100002
grid,1000000,3996000,varint-csr,hasedge,4,200000,62717992,14000192,13992052,536864,5289003,37814310.18,184280,365515,2048,1.0387,100002
grid,1000000,3996000,varint-csr,hasedge,1,2000000,62717992,14000192,13992052,134216,171004661,11695587.64,165644,289923,2048,1.0918,1000006
grid,1000000,3996000,varint-csr,hasedge,2,2000000,62717992,14000192,13992052,268432,77823497,25699179.26,152062,204657,2048,1.1116,1000006
grid,1000000,3996000,varint-csr,hasedge,4,2000000,62717992,14000192,13992052,536864,40897971,48902181.48,160123,229940,2048,1.0427,1000006
grid,1000000,3996000,hybrid,neighbors,1,200000,68479653,24133776,24109124,134216,12495386,16005908.10,29310,72837,512,1.0374,401238616564
grid,1000000,3996000,hybrid,neighbors,2,200000,68479653,24133776,24109124,268432,6652144,30065494.67,30848,75593,512,1.0612,401238616564
grid,1000000,3996000,hybrid,neighbors,4,200000,68479653,24133776,24109124,536864,3234636,61830759.32,29672,89521,512,1.0608,401238616564
grid,1000000,3996000,hybrid,neighbors,1,2000000,68479653,24133776,24109124,134216,128163680,15605045.05,29669,77910,512,1.0490,3996882821034
grid,1000000,3996000,hybrid,neighbors,2,2000000,68479653,24133776,24109124,268432,58430468,34228717.80,27612,72243,512,1.1190,3996882821034
grid,1000000,3996000,hybrid,neighbors,4,2000000,68479653,24133776,24109124,536864,28699015,69688802.91,26864,70429,512,1.0185,3996882821034
grid,1000000,3996000,hybrid,neighbors-batch,1,200000,68479653,24133776,24109124,134216,7632437,26203950.32,18278,50805,512,1.0763,399770767533
grid,1000000,3996000,hybrid,neighbors-batch,2,200000,68479653,24133776,24109124,268432,4349398,45983375.17,20625,60680,512,1.0434,399770767533
grid,1000000,3996000,hybrid,neighbors-batch,4,200000,68479653,24133776,24109124,536864,2332163,85757299.13,20556,60396,512,1.0883,399770767533
grid,1000000,3996000,hybrid,neighbors-batch,1,2000000,68479653,24133776,24109124,134216,79064676,25295746.48,18194,52303,512,1.1647,3997377773882
grid,1000000,3996000,hybrid,neighbors-batch,2,2000000,68479653,24133776,24109124,268432,42656437,46886241.34,20502,61465,512,1.0306,3997377773882
grid,1000000,3996000,hybrid,neighbors-batch,4,2000000,68479653,24133776,24109124,536864,22199536,90091973.09,20217,61892,512,1.0488,3997377773882
grid,1000000,3996000,hybrid,hasedge,1,200000,68479653,24133776,24109124,134216,11205948,17847664.47,106271,170707,2048,1.0684,100002
grid,1000000,3996000,hybrid,hasedge,2,200000,68479653,24133776,24109124,268432,5535682,36129242.97,105967,176039,2048,1.0418,100002
grid,1000000,3996000,hybrid,hasedge,4,200000,68479653,24133776,24109124,536864,2851517,70138105.44,104841,164580,2048,1.0731,100002
grid,1000000,3996000,hybrid,hasedge,1,2000000,68479653,24133776,24109124,134216,114768615,17426366.96,107894,165329,2048,1.0165,1000006
grid,1000000,3996000,hybrid,hasedge,2,2000000,68479653,24133776,24109124,268432,54686307,36572226.39,106713,171503,2048,1.0486,1000006
grid,1000000,3996000,hybrid,hasedge,4,2000000,68479653,24133776,24109124,536864,26884026,74393619.47,102782,175006,2048,1.0384,1000006
