kind,n,m,structure,workload,threads,queries,build_ns,index_bytes,analytic_bytes,scratch_bytes,wall_ns,throughput_qps,p50_ns,p99_ns,chunk,spread,checksum
er,200000,3199860,adjmap,neighbors,1,200000,117537933,28707728,27812168,34216,36747374,5442565.77,86659,136006,512,2.0134,319905782570
er,200000,3199860,adjmap,neighbors,2,200000,117537933,28707728,27812168,68432,19388089,10315611.82,91323,148075,512,1.0806,319905782570
er,200000,3199860,adjmap,neighbors,4,200000,117537933,28707728,27812168,136864,10488417,19068654.50,92242,198312,512,1.0581,319905782570
er,200000,3199860,adjmap,neighbors,1,2000000,117537933,28707728,27812168,34216,365602011,5470429.43,86413,158663,512,1.1719,3200472418397
er,200000,3199860,adjmap,neighbors,2,2000000,117537933,28707728,27812168,68432,175497794,11396154.64,84691,170480,512,1.0990,3200472418397
er,200000,3199860,adjmap,neighbors,4,2000000,117537933,28707728,27812168,136864,80364549,24886595.21,73151,147066,512,1.2091,3200472418397
er,200000,3199860,adjmap,neighbors-batch,1,200000,117537933,28707728,27812168,34216,30594810,6537056.45,74603,156520,512,1.4034,319941116941
er,200000,3199860,adjmap,neighbors-batch,2,200000,117537933,28707728,27812168,68432,15994636,12504192.03,64511,237022,512,1.1739,319941116941
er,200000,3199860,adjmap,neighbors-batch,4,200000,117537933,28707728,27812168,136864,9210925,21713345.84,97342,147011,512,1.0483,319941116941
er,200000,3199860,adjmap,neighbors-batch,1,2000000,117537933,28707728,27812168,34216,221433400,9032061.11,53019,99348,512,1.0603,3200125771375
er,200000,3199860,adjmap,neighbors-batch,2,2000000,117537933,28707728,27812168,68432,128026474,15621768.98,60678,118761,512,1.0485,3200125771375
er,200000,3199860,adjmap,neighbors-batch,4,2000000,117537933,28707728,27812168,136864,66834205,29924796.74,61699,119216,512,1.1089,3200125771375
er,200000,3199860,adjmap,hasedge,1,200000,117537933,28707728,27812168,34216,27119408,7374792.25,263599,465475,2048,1.1413,100008
er,200000,3199860,adjmap,hasedge,2,200000,117537933,28707728,27812168,68432,12510660,15986366.83,252165,354237,2048,1.2997,100008
er,200000,3199860,adjmap,hasedge,4,200000,117537933,28707728,27812168,136864,6185506,32333652.25,241814,328876,2048,1.1408,100008
er,200000,3199860,adjmap,hasedge,1,2000000,117537933,28707728,27812168,34216,236799667,8445957.82,230079,315893,2048,1.2520,1000059
er,200000,3199860,adjmap,hasedge,2,2000000,117537933,28707728,27812168,68432,119301199,16764290.86,245074,343758,2048,1.3240,1000059
er,200000,3199860,adjmap,hasedge,4,2000000,117537933,28707728,27812168,136864,54956985,36392098.29,212803,336226,2048,1.1786,1000059
er,200000,3199860,adjlist,neighbors,1,200000,33427314,23012784,23012192,34216,28784627,6948153.26,70773,105658,512,1.0218,319905782570
er,200000,3199860,adjlist,neighbors,2,200000,33427314,23012784,23012192,68432,14477394,13814640.95,70725,105877,512,1.0661,319905782570
er,200000,3199860,adjlist,neighbors,4,200000,33427314,23012784,23012192,136864,7643923,26164575.44,72674,124609,512,1.0772,319905782570
er,200000,3199860,adjlist,neighbors,1,2000000,33427314,23012784,23012192,34216,318567905,6278096.34,74547,152333,512,1.1081,3200472418397
er,200000,3199860,adjlist,neighbors,2,2000000,33427314,23012784,23012192,68432,161759251,12364053.29,78543,139705,512,1.1316,3200472418397
er,200000,3199860,adjlist,neighbors,4,2000000,33427314,23012784,23012192,136864,83147195,24053727.85,81865,140461,512,1.0590,3200472418397
er,200000,3199860,adjlist,neighbors-batch,1,200000,33427314,23012784,23012192,34216,13904204,14384138.78,32597,75251,512,1.1163,319941116941
er,200000,3199860,adjlist,neighbors-batch,2,200000,33427314,23012784,23012192,68432,8386420,23848078.20,36462,92678,512,1.0270,319941116941
er,200000,3199860,adjlist,neighbors-batch,4,200000,33427314,23012784,23012192,136864,4260588,46941877.51,34270,96614,512,1.0579,319941116941
er,200000,3199860,adjlist,neighbors-batch,1,2000000,33427314,23012784,23012192,34216,139947852,14291037.49,32615,74138,512,1.0327,3200125771375
er,200000,3199860,adjlist,neighbors-batch,2,2000000,33427314,23012784,23012192,68432,61965460,32276045.40,30933,71339,512,1.0584,3200125771375
er,200000,3199860,adjlist,neighbors-batch,4,2000000,33427314,23012784,23012192,136864,34369352,58191379.34,33562,75145,512,1.0609,3200125771375
er,200000,3199860,adjlist,hasedge,1,200000,33427314,23012784,23012192,34216,15210370,13148924.06,143015,253639,2048,1.1231,100008
er,200000,3199860,adjlist,hasedge,2,200000,33427314,23012784,23012192,68432,7825971,25555934.21,147423,225690,2048,1.1438,100008
er,200000,3199860,adjlist,hasedge,4,200000,33427314,23012784,23012192,136864,4001558,49980532.58,144118,221580,2048,1.2072,100008
er,200000,3199860,adjlist,hasedge,1,2000000,33427314,23012784,23012192,34216,153198505,13054957.68,146203,224783,2048,1.2686,1000059
er,200000,3199860,adjlist,hasedge,2,2000000,33427314,23012784,23012192,68432,78581485,25451287.92,145093,272524,2048,1.2556,1000059
er,200000,3199860,adjlist,hasedge,4,2000000,33427314,23012784,23012192,136864,38004178,52625792.88,144918,256527,2048,1.0897,1000059
er,200000,3199860,adjlist-exact,neighbors,1,200000,29066253,18790944,17599464,34216,32248068,6201921.93,77736,125921,512,1.0756,319905782570
er,200000,3199860,adjlist-exact,neighbors,2,200000,29066253,18790944,17599464,68432,20431909,9788610.55,96974,156493,512,1.0302,319905782570
er,200000,3199860,adjlist-exact,neighbors,4,200000,29066253,18790944,17599464,136864,9737827,20538463.05,97664,153741,512,1.0874,319905782570
er,200000,3199860,adjlist-exact,neighbors,1,2000000,29066253,18790944,17599464,34216,300211579,6661968.22,72592,123920,512,1.1563,3200472418397
er,200000,3199860,adjlist-exact,neighbors,2,2000000,29066253,18790944,17599464,68432,163910785,12201759.63,79825,128353,512,1.0577,3200472418397
er,200000,3199860,adjlist-exact,neighbors,4,2000000,29066253,18790944,17599464,136864,80375423,24883228.30,77277,132600,512,1.2555,3200472418397
er,200000,3199860,adjlist-exact,neighbors-batch,1,200000,29066253,18790944,17599464,34216,12013567,16647844.89,28410,64885,512,1.1682,319941116941
er,200000,3199860,adjlist-exact,neighbors-batch,2,200000,29066253,18790944,17599464,68432,6485594,30837576.33,29878,79043,512,1.2761,319941116941
er,200000,3199860,adjlist-exact,neighbors-batch,4,200000,29066253,18790944,17599464,136864,3301410,60580176.35,29151,71072,512,1.0409,319941116941
er,200000,3199860,adjlist-exact,neighbors-batch,1,2000000,29066253,18790944,17599464,34216,133303261,15003383.90,30739,74582,512,1.3662,3200125771375
er,200000,3199860,adjlist-exact,neighbors-batch,2,2000000,29066253,18790944,17599464,68432,69464678,28791611.18,32128,84386,512,1.3974,3200125771375
er,200000,3199860,adjlist-exact,neighbors-batch,4,2000000,29066253,18790944,17599464,136864,31953388,62591171.87,31669,73280,512,1.0898,3200125771375
er,200000,3199860,adjlist-exact,hasedge,1,200000,29066253,18790944,17599464,34216,11588440,17258578.38,110704,169332,2048,1.5504,100008
er,200000,3199860,adjlist-exact,hasedge,2,200000,29066253,18790944,17599464,68432,7572976,26409696.80,142163,216215,2048,1.0978,100008
er,200000,3199860,adjlist-exact,hasedge,4,200000,29066253,18790944,17599464,136864,3467383,57680388.93,137983,204787,2048,1.1678,100008
er,200000,3199860,adjlist-exact,hasedge,1,2000000,29066253,18790944,17599464,34216,119498577,16736600.97,112578,182824,2048,1.3543,1000059
er,200000,3199860,adjlist-exact,hasedge,2,2000000,29066253,18790944,17599464,68432,65491670,30538234.86,125413,198536,2048,1.0864,1000059
er,200000,3199860,adjlist-exact,hasedge,4,2000000,29066253,18790944,17599464,136864,33966295,58881900.43,128196,215045,2048,1.0870,1000059
er,200000,3199860,csr,neighbors,1,200000,28682262,13606960,13599492,34216,22677953,8819138.13,54821,93793,512,1.0293,319905782570
er,200000,3199860,csr,neighbors,2,200000,28682262,13606960,13599492,68432,12701606,15746040.30,61913,121847,512,1.0177,319905782570
er,200000,3199860,csr,neighbors,4,200000,28682262,13606960,13599492,136864,6727193,29730082.07,65890,118832,512,1.0663,319905782570
er,200000,3199860,csr,neighbors,1,2000000,28682262,13606960,13599492,34216,272446436,7340892.50,63971,124469,512,1.1656,3200472418397
er,200000,3199860,csr,neighbors,2,2000000,28682262,13606960,13599492,68432,126911797,15758976.29,63968,110498,512,1.0909,3200472418397
er,200000,3199860,csr,neighbors,4,2000000,28682262,13606960,13599492,136864,61870410,32325630.30,55329,118122,512,1.1293,3200472418397
er,200000,3199860,csr,neighbors-batch,1,200000,28682262,13606960,13599492,34216,12477711,16028580.88,29415,71588,512,1.0324,319941116941
er,200000,3199860,csr,neighbors-batch,2,200000,28682262,13606960,13599492,68432,5644179,35434737.28,27835,69564,512,1.1266,319941116941
er,200000,3199860,csr,neighbors-batch,4,200000,28682262,13606960,13599492,136864,2802917,71354235.61,26783,65968,512,1.0633,319941116941
er,200000,3199860,csr,neighbors-batch,1,2000000,28682262,13606960,13599492,34216,118783637,16837335.94,27984,67642,512,1.0709,3200125771375
er,200000,3199860,csr,neighbors-batch,2,2000000,28682262,13606960,13599492,68432,58047946,34454276.81,27643,69508,512,1.0600,3200125771375
er,200000,3199860,csr,neighbors-batch,4,2000000,28682262,13606960,13599492,136864,26101716,76623314.73,23732,61827,512,1.1279,3200125771375
er,200000,3199860,csr,hasedge,1,200000,28682262,13606960,13599492,34216,11887191,16824832.71,113211,175225,2048,1.0235,100008
er,200000,3199860,csr,hasedge,2,200000,28682262,13606960,13599492,68432,6049131,33062600.23,117411,188684,2048,1.0816,100008
er,200000,3199860,csr,hasedge,4,200000,28682262,13606960,13599492,136864,3340230,59876116.32,132443,183671,2048,1.0252,100008
er,200000,3199860,csr,hasedge,1,2000000,28682262,13606960,13599492,34216,119058640,16798444.87,115090,178189,2048,1.0460,1000059
er,200000,3199860,csr,hasedge,2,2000000,28682262,13606960,13599492,68432,59439888,33647438.90,113595,176974,2048,1.1695,1000059
er,200000,3199860,csr,hasedge,4,2000000,28682262,13606960,13599492,136864,36495832,54800778.35,136440,311167,2048,1.0483,1000059
er,200000,3199860,csr-slices,neighbors,1,200000,31988773,17604672,17599488,34216,29110758,6870312.34,70361,120640,512,1.0118,319905782570
er,200000,3199860,csr-slices,neighbors,2,200000,31988773,17604672,17599488,68432,15942873,12544790.39,77833,126467,512,1.0546,319905782570
er,200000,3199860,csr-slices,neighbors,4,200000,31988773,17604672,17599488,136864,7822946,25565816.25,76573,125583,512,1.1032,319905782570
er,200000,3199860,csr-slices,neighbors,1,2000000,31988773,17604672,17599488,34216,285811047,6997630.15,66910,131182,512,1.1546,3200472418397
er,200000,3199860,csr-slices,neighbors,2,2000000,31988773,17604672,17599488,68432,148720767,13448021.02,73140,122359,512,1.1164,3200472418397
er,200000,3199860,csr-slices,neighbors,4,2000000,31988773,17604672,17599488,136864,78150557,25591628.22,75366,125165,512,1.1302,3200472418397
er,200000,3199860,csr-slices,neighbors-batch,1,200000,31988773,17604672,17599488,34216,14324981,13961624.10,33446,76657,512,1.2058,319941116941
er,200000,3199860,csr-slices,neighbors-batch,2,200000,31988773,17604672,17599488,68432,6189250,32314092.98,30520,66979,512,1.1702,319941116941
er,200000,3199860,csr-slices,neighbors-batch,4,200000,31988773,17604672,17599488,136864,3412748,58603799.64,32140,74626,512,1.0671,319941116941
er,200000,3199860,csr-slices,neighbors-batch,1,2000000,31988773,17604672,17599488,34216,119082154,16795127.84,27653,64157,512,1.0592,3200125771375
er,200000,3199860,csr-slices,neighbors-batch,2,2000000,31988773,17604672,17599488,68432,62554028,31972361.56,30851,68328,512,1.0357,3200125771375
er,200000,3199860,csr-slices,neighbors-batch,4,2000000,31988773,17604672,17599488,136864,32991750,60621215.91,31878,73207,512,1.0870,3200125771375
er,200000,3199860,csr-slices,hasedge,1,200000,31988773,17604672,17599488,34216,14711399,13594900.12,141008,190708,2048,1.0104,100008
er,200000,3199860,csr-slices,hasedge,2,200000,31988773,17604672,17599488,68432,7537621,26533570.74,144647,206399,2048,1.0244,100008
er,200000,3199860,csr-slices,hasedge,4,200000,31988773,17604672,17599488,136864,4563693,43824157.32,182134,304988,2048,1.0247,100008
er,200000,3199860,csr-slices,hasedge,1,2000000,31988773,17604672,17599488,34216,130858535,15283680.20,125143,201341,2048,1.4304,1000059
er,200000,3199860,csr-slices,hasedge,2,2000000,31988773,17604672,17599488,68432,66465725,30090697.12,122427,228828,2048,1.0785,1000059
er,200000,3199860,csr-slices,hasedge,4,2000000,31988773,17604672,17599488,136864,38503684,51943081.60,143297,266967,2048,1.0490,1000059
er,200000,3199860,edgelist,neighbors,1,200000,17478558,25600032,25598904,34216,93838986,2131310.33,232125,311968,512,1.0744,319905782570
er,200000,3199860,edgelist,neighbors,2,200000,17478558,25600032,25598904,68432,43004771,4650646.79,215369,313823,512,1.0702,319905782570
er,200000,3199860,edgelist,neighbors,4,200000,17478558,25600032,25598904,136864,22123930,9039985.21,218347,317998,512,1.0848,319905782570
er,200000,3199860,edgelist,neighbors,1,2000000,17478558,25600032,25598904,34216,822371153,2431991.92,208509,295155,512,1.1155,3200472418397
er,200000,3199860,edgelist,neighbors,2,2000000,17478558,25600032,25598904,68432,417359183,4792035.45,204506,333123,512,1.1183,3200472418397
er,200000,3199860,edgelist,neighbors,4,2000000,17478558,25600032,25598904,136864,217179204,9208984.85,214016,366443,512,1.0968,3200472418397
er,200000,3199860,edgelist,neighbors-batch,1,200000,17478558,25600032,25598904,34216,95115854,2102698.88,222089,480603,512,1.1635,319941116941
er,200000,3199860,edgelist,neighbors-batch,2,200000,17478558,25600032,25598904,68432,40102433,4987228.58,195160,274357,512,1.1621,319941116941
er,200000,3199860,edgelist,neighbors-batch,4,200000,17478558,25600032,25598904,136864,23041535,8679977.27,219232,425473,512,1.1271,319941116941
er,200000,3199860,edgelist,neighbors-batch,1,2000000,17478558,25600032,25598904,34216,886621701,2255753.49,215358,358700,512,1.0549,3200125771375
er,200000,3199860,edgelist,neighbors-batch,2,2000000,17478558,25600032,25598904,68432,401649590,4979464.81,191405,386558,512,1.1621,3200125771375
er,200000,3199860,edgelist,neighbors-batch,4,2000000,17478558,25600032,25598904,136864,204738427,9768561.91,201799,302349,512,1.1171,3200125771375
er,200000,3199860,edgelist,hasedge,1,200000,17478558,25600032,25598904,34216,54978826,3637764.11,551965,1535442,2048,1.3958,100008
er,200000,3199860,edgelist,hasedge,2,200000,17478558,25600032,25598904,68432,34716989,5760868.26,705752,839004,2048,1.0629,100008
er,200000,3199860,edgelist,hasedge,4,200000,17478558,25600032,25598904,136864,17243750,11598405.22,721000,1099147,2048,1.2282,100008
er,200000,3199860,edgelist,hasedge,1,2000000,17478558,25600032,25598904,34216,640676216,3121701.65,649112,883983,2048,1.1100,1000059
er,200000,3199860,edgelist,hasedge,2,2000000,17478558,25600032,25598904,68432,321229279,6226082.52,646586,867961,2048,1.1097,1000059
er,200000,3199860,edgelist,hasedge,4,2000000,17478558,25600032,25598904,136864,153764254,13006924.22,618511,829509,2048,1.1277,1000059
er,200000,3199860,varint-csr,neighbors,1,200000,58015461,9306176,9303348,34216,34349773,5822454.78,83435,127365,512,1.3369,319905782570
er,200000,3199860,varint-csr,neighbors,2,200000,58015461,9306176,9303348,68432,18790543,10643651.97,90747,153982,512,1.0556,319905782570
er,200000,3199860,varint-csr,neighbors,4,200000,58015461,9306176,9303348,136864,9857246,20289642.77,99454,169715,512,1.0350,319905782570
er,200000,3199860,varint-csr,neighbors,1,2000000,58015461,9306176,9303348,34216,394775238,5066173.88,100269,150408,512,1.1017,3200472418397
er,200000,3199860,varint-csr,neighbors,2,2000000,58015461,9306176,9303348,68432,181847162,10998246.98,88027,139286,512,1.1147,3200472418397
er,200000,3199860,varint-csr,neighbors,4,2000000,58015461,9306176,9303348,136864,100202143,19959652.96,97265,177210,512,1.1350,3200472418397
er,200000,3199860,varint-csr,neighbors-batch,1,200000,58015461,9306176,9303348,34216,42297013,4728466.29,103291,144711,512,1.1301,319941116941
er,200000,3199860,varint-csr,neighbors-batch,2,200000,58015461,9306176,9303348,68432,18507984,10806147.23,91200,126420,512,1.2324,319941116941
er,200000,3199860,varint-csr,neighbors-batch,4,200000,58015461,9306176,9303348,136864,9668687,20685331.94,92889,141329,512,1.0752,319941116941
er,200000,3199860,varint-csr,neighbors-batch,1,2000000,58015461,9306176,9303348,34216,414057936,4830241.92,103252,159821,512,1.1044,3200125771375
er,200000,3199860,varint-csr,neighbors-batch,2,2000000,58015461,9306176,9303348,68432,210906699,9482866.17,107079,184751,512,1.0736,3200125771375
er,200000,3199860,varint-csr,neighbors-batch,4,2000000,58015461,9306176,9303348,136864,102856536,19444559.17,104406,177991,512,1.0623,3200125771375
er,200000,3199860,varint-csr,hasedge,1,200000,58015461,9306176,9303348,34216,32631912,6128969.70,326379,407022,2048,1.0406,100008
er,200000,3199860,varint-csr,hasedge,2,200000,58015461,9306176,9303348,68432,16178574,12362028.94,323733,388282,2048,1.1740,100008
er,200000,3199860,varint-csr,hasedge,4,200000,58015461,9306176,9303348,136864,7871006,25409712.56,317717,411874,2048,1.0367,100008
er,200000,3199860,varint-csr,hasedge,1,2000000,58015461,9306176,9303348,34216,313242429,6384831.09,316057,379682,2048,1.1378,1000059
er,200000,3199860,varint-csr,hasedge,2,2000000,58015461,9306176,9303348,68432,148549044,13463566.96,303052,425396,2048,1.1368,1000059
er,200000,3199860,varint-csr,hasedge,4,2000000,58015461,9306176,9303348,136864,73756670,27116191.66,291102,429092,2048,1.1537,1000059
er,200000,3199860,hybrid,neighbors,1,200000,46174773,14437264,14424564,34216,20062015,9969088.35,48176,86508,512,1.0576,319905782570
er,200000,3199860,hybrid,neighbors,2,200000,46174773,14437264,14424564,68432,11116697,17990955.41,55039,104560,512,1.1227,319905782570
er,200000,3199860,hybrid,neighbors,4,200000,46174773,14437264,14424564,136864,5616658,35608363.55,52987,100521,512,1.1617,319905782570
er,200000,3199860,hybrid,neighbors,1,2000000,46174773,14437264,14424564,34216,242292037,8254501.57,57630,105907,512,1.1563,3200472418397
er,200000,3199860,hybrid,neighbors,2,2000000,46174773,14437264,14424564,68432,126563075,15802397.34,59663,113131,512,1.0219,3200472418397
er,200000,3199860,hybrid,neighbors,4,2000000,46174773,14437264,14424564,136864,58566231,34149371.85,57291,102267,512,1.1540,3200472418397
er,200000,3199860,hybrid,neighbors-batch,1,200000,46174773,14437264,14424564,34216,11681786,17120669.73,27780,67589,512,1.0701,319941116941
er,200000,3199860,hybrid,neighbors-batch,2,200000,46174773,14437264,14424564,68432,6001206,33326634.68,28042,72311,512,1.6785,319941116941
er,200000,3199860,hybrid,neighbors-batch,4,200000,46174773,14437264,14424564,136864,3037235,65849366.28,27915,83397,512,1.2694,319941116941
er,200000,3199860,hybrid,neighbors-batch,1,2000000,46174773,14437264,14424564,34216,101693980,19666847.54,24033,61470,512,1.1867,3200125771375
er,200000,3199860,hybrid,neighbors-batch,2,2000000,46174773,14437264,14424564,68432,54352125,36797089.35,26197,66790,512,1.0200,3200125771375
er,200000,3199860,hybrid,neighbors-batch,4,2000000,46174773,14437264,14424564,136864,27326825,73188158.52,26254,65596,512,1.1233,3200125771375
er,200000,3199860,hybrid,hasedge,1,200000,46174773,14437264,14424564,34216,14391164,13897416.50,138637,194829,2048,1.0265,100008
er,200000,3199860,hybrid,hasedge,2,200000,46174773,14437264,14424564,68432,7451827,26839055.71,141495,241462,2048,1.2160,100008
er,200000,3199860,hybrid,hasedge,4,200000,46174773,14437264,14424564,136864,3816221,52407866.32,137342,449456,2048,1.1332,100008
er,200000,3199860,hybrid,hasedge,1,2000000,46174773,14437264,14424564,34216,128247998,15594785.35,122652,182296,2048,1.0278,1000059
er,200000,3199860,hybrid,hasedge,2,2000000,46174773,14437264,14424564,68432,66956587,29870100.76,131865,228509,2048,1.1083,1000059
er,200000,3199860,hybrid,hasedge,4,2000000,46174773,14437264,14424564,136864,34797773,57474942.43,135665,226418,2048,1.0930,1000059
er,1000000,15999866,adjmap,neighbors,1,200000,934481745,174762960,139080432,134216,63453525,3151913.15,153005,250929,512,1.3066,1600556701727
er,1000000,15999866,adjmap,neighbors,2,200000,934481745,174762960,139080432,268432,28737887,6959453.91,140458,207016,512,1.1280,1600556701727
er,1000000,15999866,adjmap,neighbors,4,200000,934481745,174762960,139080432,536864,15607153,12814636.98,153955,263029,512,1.1135,1600556701727
er,1000000,15999866,adjmap,neighbors,1,2000000,934481745,174762960,139080432,134216,747639631,2675085.59,186352,291390,512,1.1770,16002338681023
er,1000000,15999866,adjmap,neighbors,2,2000000,934481745,174762960,139080432,268432,317047663,6308199.79,157633,250275,512,1.1489,16002338681023
er,1000000,15999866,adjmap,neighbors,4,2000000,934481745,174762960,139080432,536864,142005741,14083937.63,137600,228021,512,1.0450,16002338681023
er,1000000,15999866,adjmap,neighbors-batch,1,200000,934481745,174762960,139080432,134216,42027837,4758750.73,102315,169529,512,1.1725,1601300666071
er,1000000,15999866,adjmap,neighbors-batch,2,200000,934481745,174762960,139080432,268432,17665794,11321313.95,86459,140462,512,1.1173,1601300666071
er,1000000,15999866,adjmap,neighbors-batch,4,200000,934481745,174762960,139080432,536864,9063596,22066296.86,86090,149735,512,1.1276,1601300666071
er,1000000,15999866,adjmap,neighbors-batch,1,2000000,934481745,174762960,139080432,134216,426605052,4688177.02,103313,170272,512,1.3219,16008090976901
er,1000000,15999866,adjmap,neighbors-batch,2,2000000,934481745,174762960,139080432,268432,216708990,9228966.46,104640,183876,512,1.2320,16008090976901
er,1000000,15999866,adjmap,neighbors-batch,4,2000000,934481745,174762960,139080432,536864,91171445,21936693.01,87941,150741,512,1.2896,16008090976901
er,1000000,15999866,adjmap,hasedge,1,200000,934481745,174762960,139080432,134216,39368767,5080169.26,389123,494243,2048,1.1015,100001
er,1000000,15999866,adjmap,hasedge,2,200000,934481745,174762960,139080432,268432,18661404,10717307.23,367376,482854,2048,1.1547,100001
er,1000000,15999866,adjmap,hasedge,4,200000,934481745,174762960,139080432,536864,8863775,22563749.64,338030,603162,2048,1.7204,100001
er,1000000,15999866,adjmap,hasedge,1,2000000,934481745,174762960,139080432,134216,452907776,4415910.05,458190,584334,2048,1.1021,1000017
er,1000000,15999866,adjmap,hasedge,2,2000000,934481745,174762960,139080432,268432,216064887,9256478.59,429936,706931,2048,1.1098,1000017
er,1000000,15999866,adjmap,hasedge,4,2000000,934481745,174762960,139080432,536864,84998657,23529783.54,338113,565316,2048,1.2878,1000017
er,1000000,15999866,adjlist,neighbors,1,200000,191875906,115083200,115080456,134216,59988428,3333976.35,141720,227085,512,1.2562,1600556701727
er,1000000,15999866,adjlist,neighbors,2,200000,191875906,115083200,115080456,268432,26563005,7529268.62,125463,220446,512,1.3210,1600556701727
er,1000000,15999866,adjlist,neighbors,4,200000,191875906,115083200,115080456,536864,12823110,15596840.39,119545,280101,512,1.1764,1600556701727
er,1000000,15999866,adjlist,neighbors,1,2000000,191875906,115083200,115080456,134216,720243745,2776837.72,178716,234182,512,1.0638,16002338681023
er,1000000,15999866,adjlist,neighbors,2,2000000,191875906,115083200,115080456,268432,272616191,7336321.41,132234,234380,512,1.1335,16002338681023
er,1000000,15999866,adjlist,neighbors,4,2000000,191875906,115083200,115080456,536864,125811294,15896824.02,120770,250230,512,1.0809,16002338681023
er,1000000,15999866,adjlist,neighbors-batch,1,200000,191875906,115083200,115080456,134216,18116883,11039426.59,43384,81741,512,1.5819,1601300666071
er,1000000,15999866,adjlist,neighbors-batch,2,200000,191875906,115083200,115080456,268432,9019895,22173207.12,41255,108189,512,1.4367,1601300666071
er,1000000,15999866,adjlist,neighbors-batch,4,200000,191875906,115083200,115080456,536864,4669202,42833871.83,40824,105190,512,1.0961,1601300666071
er,1000000,15999866,adjlist,neighbors-batch,1,2000000,191875906,115083200,115080456,134216,269878950,7410729.88,61940,136040,512,1.0562,16008090976901
er,1000000,15999866,adjlist,neighbors-batch,2,2000000,191875906,115083200,115080456,268432,109621840,18244539.59,51117,102245,512,1.1130,16008090976901
er,1000000,15999866,adjlist,neighbors-batch,4,2000000,191875906,115083200,115080456,536864,50213203,39830161.80,48464,99610,512,1.0474,16008090976901
er,1000000,15999866,adjlist,hasedge,1,200000,191875906,115083200,115080456,134216,18290954,10934366.79,177259,241724,2048,1.2094,100001
er,1000000,15999866,adjlist,hasedge,2,200000,191875906,115083200,115080456,268432,9000107,22221958.03,175361,247442,2048,1.2068,100001
er,1000000,15999866,adjlist,hasedge,4,200000,191875906,115083200,115080456,536864,4900898,40808847.68,185658,261902,2048,1.1768,100001
er,1000000,15999866,adjlist,hasedge,1,2000000,191875906,115083200,115080456,134216,210287620,9510783.37,197466,365022,2048,1.2806,1000017
er,1000000,15999866,adjlist,hasedge,2,2000000,191875906,115083200,115080456,268432,112719751,17743119.39,212652,363921,2048,1.1375,1000017
er,1000000,15999866,adjlist,hasedge,4,2000000,191875906,115083200,115080456,536864,49336338,40538071.55,187380,319585,2048,1.1403,1000017
er,1000000,15999866,adjlist-exact,neighbors,1,200000,139741377,93972008,87999488,134216,56600252,3533553.17,137871,193084,512,1.0752,1600556701727
er,1000000,15999866,adjlist-exact,neighbors,2,200000,139741377,93972008,87999488,268432,22858700,8749403.95,109206,192131,512,1.1264,1600556701727
er,1000000,15999866,adjlist-exact,neighbors,4,200000,139741377,93972008,87999488,536864,10966174,18237901.39,104840,178851,512,1.0459,1600556701727
er,1000000,15999866,adjlist-exact,neighbors,1,2000000,139741377,93972008,87999488,134216,498077089,4015442.68,121524,183506,512,1.2433,16002338681023
er,1000000,15999866,adjlist-exact,neighbors,2,2000000,139741377,93972008,87999488,268432,218663158,9146488.23,104783,169980,512,1.0796,16002338681023
er,1000000,15999866,adjlist-exact,neighbors,4,2000000,139741377,93972008,87999488,536864,101487956,19706771.91,96586,174631,512,1.0367,16002338681023
er,1000000,15999866,adjlist-exact,neighbors-batch,1,200000,139741377,93972008,87999488,134216,16085473,12433579.04,37515,79459,512,1.1460,1601300666071
er,1000000,15999866,adjlist-exact,neighbors-batch,2,200000,139741377,93972008,87999488,268432,7773092,25729786.81,36383,86765,512,1.1618,1601300666071
er,1000000,15999866,adjlist-exact,neighbors-batch,4,200000,139741377,93972008,87999488,536864,3998307,50021171.46,36480,78515,512,1.1602,1601300666071
er,1000000,15999866,adjlist-exact,neighbors-batch,1,2000000,139741377,93972008,87999488,134216,230301508,8684267.93,52762,113449,512,1.0481,16008090976901
er,1000000,15999866,adjlist-exact,neighbors-batch,2,2000000,139741377,93972008,87999488,268432,90918250,21997783.72,42871,94111,512,1.2250,16008090976901
er,1000000,15999866,adjlist-exact,neighbors-batch,4,2000000,139741377,93972008,87999488,536864,40525819,49351254.32,37217,87892,512,1.1583,16008090976901
er,1000000,15999866,adjlist-exact,hasedge,1,200000,139741377,93972008,87999488,134216,15704845,12734923.52,152618,205950,2048,1.1326,100001
er,1000000,15999866,adjlist-exact,hasedge,2,200000,139741377,93972008,87999488,268432,8254797,24228336.57,160501,215294,2048,1.0368,100001
er,1000000,15999866,adjlist-exact,hasedge,4,200000,139741377,93972008,87999488,536864,4968251,40255615.10,181954,301996,2048,1.0704,100001
er,1000000,15999866,adjlist-exact,hasedge,1,2000000,139741377,93972008,87999488,134216,173792713,11507962.36,170477,244639,2048,1.0830,1000017
er,1000000,15999866,adjlist-exact,hasedge,2,2000000,139741377,93972008,87999488,268432,78764584,25392122.94,150998,262840,2048,1.2605,1000017
er,1000000,15999866,adjlist-exact,hasedge,4,2000000,139741377,93972008,87999488,536864,43246484,46246534.17,164883,287945,2048,1.1117,1000017
er,1000000,15999866,csr,neighbors,1,200000,145690043,68010032,67999516,134216,38859665,5146724.76,93459,143770,512,1.1581,1600556701727
er,1000000,15999866,csr,neighbors,2,200000,145690043,68010032,67999516,268432,19006641,10522637.85,91825,149108,512,1.0322,1600556701727
er,1000000,15999866,csr,neighbors,4,200000,145690043,68010032,67999516,536864,8756599,22839917.64,85611,148701,512,1.0341,1600556701727
er,1000000,15999866,csr,neighbors,1,2000000,145690043,68010032,67999516,134216,418670342,4777028.13,99793,156969,512,1.1318,16002338681023
er,1000000,15999866,csr,neighbors,2,2000000,145690043,68010032,67999516,268432,174961982,11431054.78,80262,133365,512,1.3542,16002338681023
er,1000000,15999866,csr,neighbors,4,2000000,145690043,68010032,67999516,536864,88453371,22610783.26,87997,155891,512,1.0922,16002338681023
er,1000000,15999866,csr,neighbors-batch,1,200000,145690043,68010032,67999516,134216,13406811,14917790.67,31735,73462,512,1.0799,1601300666071
er,1000000,15999866,csr,neighbors-batch,2,200000,145690043,68010032,67999516,268432,7099170,28172307.47,33478,80769,512,1.0217,1601300666071
er,1000000,15999866,csr,neighbors-batch,4,200000,145690043,68010032,67999516,536864,3853321,51903280.31,35384,80920,512,1.0353,1601300666071
er,1000000,15999866,csr,neighbors-batch,1,2000000,145690043,68010032,67999516,134216,193970527,10310844.80,45589,101648,512,1.3398,16008090976901
er,1000000,15999866,csr,neighbors-batch,2,2000000,145690043,68010032,67999516,268432,86430749,23139912.86,39588,89570,512,1.1395,16008090976901
er,1000000,15999866,csr,neighbors-batch,4,2000000,145690043,68010032,67999516,536864,38675345,51712531.59,35518,80776,512,1.0908,16008090976901
er,1000000,15999866,csr,hasedge,1,200000,145690043,68010032,67999516,134216,17157642,11656613.42,157253,451867,2048,1.1274,100001
er,1000000,15999866,csr,hasedge,2,200000,145690043,68010032,67999516,268432,7938456,25193816.03,149661,292934,2048,1.1472,100001
er,1000000,15999866,csr,hasedge,4,200000,145690043,68010032,67999516,536864,4147997,48216042.59,154393,261456,2048,1.1465,100001
er,1000000,15999866,csr,hasedge,1,2000000,145690043,68010032,67999516,134216,154062811,12981718.22,147223,231001,2048,1.3432,1000017
er,1000000,15999866,csr,hasedge,2,2000000,145690043,68010032,67999516,268432,73219185,27315245.31,136859,238062,2048,1.1044,1000017
er,1000000,15999866,csr,hasedge,4,2000000,145690043,68010032,67999516,536864,37805948,52901728.59,139208,274416,2048,1.1119,1000017
er,1000000,15999866,csr-slices,neighbors,1,200000,130770111,88006704,87999512,134216,46854286,4268552.93,110567,209482,512,1.1282,1600556701727
er,1000000,15999866,csr-slices,neighbors,2,200000,130770111,88006704,87999512,268432,21492504,9305569.98,103436,164718,512,1.0651,1600556701727
er,1000000,15999866,csr-slices,neighbors,4,200000,130770111,88006704,87999512,536864,10507769,19033536.04,100944,163088,512,1.0541,1600556701727
er,1000000,15999866,csr-slices,neighbors,1,2000000,130770111,88006704,87999512,134216,518755465,3855381.07,128145,187357,512,1.3549,16002338681023
er,1000000,15999866,csr-slices,neighbors,2,2000000,130770111,88006704,87999512,268432,226254252,8839612.88,110517,175982,512,1.0303,16002338681023
er,1000000,15999866,csr-slices,neighbors,4,2000000,130770111,88006704,87999512,536864,102692832,19475556.00,99710,163491,512,1.0543,16002338681023
er,1000000,15999866,csr-slices,neighbors-batch,1,200000,130770111,88006704,87999512,134216,17984884,11120449.82,42435,87720,512,1.1132,1601300666071
er,1000000,15999866,csr-slices,neighbors-batch,2,200000,130770111,88006704,87999512,268432,7864900,25429439.66,34987,88764,512,1.1636,1601300666071
er,1000000,15999866,csr-slices,neighbors-batch,4,200000,130770111,88006704,87999512,536864,3970534,50371058.40,36627,83071,512,1.1703,1601300666071
er,1000000,15999866,csr-slices,neighbors-batch,1,2000000,130770111,88006704,87999512,134216,203385211,9833556.68,46779,100132,512,1.4983,16008090976901
er,1000000,15999866,csr-slices,neighbors-batch,2,2000000,130770111,88006704,87999512,268432,82102116,24359908.09,38789,80131,512,1.2991,16008090976901
er,1000000,15999866,csr-slices,neighbors-batch,4,2000000,130770111,88006704,87999512,536864,37098392,53910692.41,33897,79107,512,1.2095,16008090976901
er,1000000,15999866,csr-slices,hasedge,1,200000,130770111,88006704,87999512,134216,15865912,12605641.58,149426,316944,2048,1.1513,100001
er,1000000,15999866,csr-slices,hasedge,2,200000,130770111,88006704,87999512,268432,8733101,22901372.61,163664,315743,2048,1.0890,100001
er,1000000,15999866,csr-slices,hasedge,4,200000,130770111,88006704,87999512,536864,4468955,44753191.74,166716,262886,2048,1.0958,100001
er,1000000,15999866,csr-slices,hasedge,1,2000000,130770111,88006704,87999512,134216,204484192,9780707.16,194982,316608,2048,1.2011,1000017
er,1000000,15999866,csr-slices,hasedge,2,2000000,130770111,88006704,87999512,268432,91091276,21955999.39,177535,235266,2048,1.1238,1000017
er,1000000,15999866,csr-slices,hasedge,4,2000000,130770111,88006704,87999512,536864,40626115,49229418.07,162496,252081,2048,1.0346,1000017
er,1000000,15999866,edgelist,neighbors,1,200000,71288165,128000048,127998952,134216,137116305,1458615.74,339295,441539,512,1.1074,1600556701727
er,1000000,15999866,edgelist,neighbors,2,200000,71288165,128000048,127998952,268432,63262766,3161417.25,317576,407765,512,1.1255,1600556701727
er,1000000,15999866,edgelist,neighbors,4,200000,71288165,128000048,127998952,536864,30262941,6608743.02,301748,460491,512,1.1818,1600556701727
er,1000000,15999866,edgelist,neighbors,1,2000000,71288165,128000048,127998952,134216,1321496268,1513435.98,330954,476470,512,1.0801,16002338681023
er,1000000,15999866,edgelist,neighbors,2,2000000,71288165,128000048,127998952,268432,603157555,3315883.19,297349,462607,512,1.2265,16002338681023
er,1000000,15999866,edgelist,neighbors,4,2000000,71288165,128000048,127998952,536864,323856002,6175584.17,323717,473662,512,1.0722,16002338681023
er,1000000,15999866,edgelist,neighbors-batch,1,200000,71288165,128000048,127998952,134216,128742413,1553489.60,315820,492491,512,1.1179,1601300666071
er,1000000,15999866,edgelist,neighbors-batch,2,200000,71288165,128000048,127998952,268432,62050651,3223173.28,306319,405018,512,1.1281,1601300666071
er,1000000,15999866,edgelist,neighbors-batch,4,200000,71288165,128000048,127998952,536864,31545814,6339985.39,313694,610639,512,1.0455,1601300666071
er,1000000,15999866,edgelist,neighbors-batch,1,2000000,71288165,128000048,127998952,134216,1319234424,1516030.79,326714,553007,512,1.1759,16008090976901
er,1000000,15999866,edgelist,neighbors-batch,2,2000000,71288165,128000048,127998952,268432,643283040,3109051.34,320463,448636,512,1.0889,16008090976901
er,1000000,15999866,edgelist,neighbors-batch,4,2000000,71288165,128000048,127998952,536864,330321336,6054710.31,314723,735135,512,1.0906,16008090976901
er,1000000,15999866,edgelist,hasedge,1,200000,71288165,128000048,127998952,134216,108031010,1851320.28,1088443,1210709,2048,1.0310,100001
er,1000000,15999866,edgelist,hasedge,2,200000,71288165,128000048,127998952,268432,48941746,4086490.91,984288,1252953,2048,1.1514,100001
er,1000000,15999866,edgelist,hasedge,4,200000,71288165,128000048,127998952,536864,27119057,7374887.70,1081547,1470244,2048,1.0338,100001
er,1000000,15999866,edgelist,hasedge,1,2000000,71288165,128000048,127998952,134216,1023505552,1954068.54,1052572,1402317,2048,1.1255,1000017
er,1000000,15999866,edgelist,hasedge,2,2000000,71288165,128000048,127998952,268432,463056795,4319124.61,917002,1343784,2048,1.1621,1000017
er,1000000,15999866,edgelist,hasedge,4,2000000,71288165,128000048,127998952,536864,255179739,7837612.84,1041336,1475547,2048,1.0163,1000017
er,1000000,15999866,varint-csr,neighbors,1,200000,426710719,57139264,57133364,134216,54694314,3656687.24,133013,213797,512,1.2345,1600556701727
er,1000000,15999866,varint-csr,neighbors,2,200000,426710719,57139264,57133364,268432,29518520,6775407.44,145071,206399,512,1.2134,1600556701727
er,1000000,15999866,varint-csr,neighbors,4,200000,426710719,57139264,57133364,536864,14266172,14019177.67,138692,204401,512,1.0996,1600556701727
er,1000000,15999866,varint-csr,neighbors,1,2000000,426710719,57139264,57133364,134216,624730512,3201380.37,151357,223126,512,1.1643,16002338681023
er,1000000,15999866,varint-csr,neighbors,2,2000000,426710719,57139264,57133364,268432,250951943,7969653.38,124363,169878,512,1.1083,16002338681023
er,1000000,15999866,varint-csr,neighbors,4,2000000,426710719,57139264,57133364,536864,126843648,15767443.08,129184,194308,512,1.0455,16002338681023
er,1000000,15999866,varint-csr,neighbors-batch,1,200000,426710719,57139264,57133364,134216,56637314,3531240.91,141683,178136,512,1.1293,1601300666071
er,1000000,15999866,varint-csr,neighbors-batch,2,200000,426710719,57139264,57133364,268432,24802896,8063574.51,122350,175302,512,1.1862,1601300666071
er,1000000,15999866,varint-csr,neighbors-batch,4,200000,426710719,57139264,57133364,536864,12909173,15492859.22,122406,226029,512,1.1645,1601300666071
er,1000000,15999866,varint-csr,neighbors-batch,1,2000000,426710719,57139264,57133364,134216,604579232,3308085.85,150363,211526,512,1.2279,16008090976901
er,1000000,15999866,varint-csr,neighbors-batch,2,2000000,426710719,57139264,57133364,268432,305056803,6556156.03,151461,199994,512,1.0693,16008090976901
er,1000000,15999866,varint-csr,neighbors-batch,4,2000000,426710719,57139264,57133364,536864,136207224,14683509.00,139431,205794,512,1.0883,16008090976901
er,1000000,15999866,varint-csr,hasedge,1,200000,426710719,57139264,57133364,134216,48460663,4127058.68,489446,741037,2048,1.2705,100001
er,1000000,15999866,varint-csr,hasedge,2,200000,426710719,57139264,57133364,268432,21597239,9260442.97,437497,551533,2048,1.1187,100001
er,1000000,15999866,varint-csr,hasedge,4,200000,426710719,57139264,57133364,536864,11005846,18172160.50,427867,649658,2048,1.0577,100001
er,1000000,15999866,varint-csr,hasedge,1,2000000,426710719,57139264,57133364,134216,447307944,4471192.67,441519,725823,2048,1.3262,1000017
er,1000000,15999866,varint-csr,hasedge,2,2000000,426710719,57139264,57133364,268432,203899481,9808754.74,409262,528225,2048,1.0934,1000017
er,1000000,15999866,varint-csr,hasedge,4,2000000,426710719,57139264,57133364,536864,99575626,20085236.52,387001,605298,2048,1.0889,1000017
er,1000000,15999866,hybrid,neighbors,1,200000,212368429,72147088,72124588,134216,38374266,5211826.07,91708,144651,512,1.1120,1600556701727
er,1000000,15999866,hybrid,neighbors,2,200000,212368429,72147088,72124588,268432,16822147,11889088.83,80588,143548,512,1.1759,1600556701727
er,1000000,15999866,hybrid,neighbors,4,200000,212368429,72147088,72124588,536864,8817329,22682606.04,83690,154303,512,1.0353,1600556701727
er,1000000,15999866,hybrid,neighbors,1,2000000,212368429,72147088,72124588,134216,388607507,5146580.97,93710,146204,512,1.1692,16002338681023
er,1000000,15999866,hybrid,neighbors,2,2000000,212368429,72147088,72124588,268432,176380963,11339092.19,86356,152763,512,1.1060,16002338681023
er,1000000,15999866,hybrid,neighbors,4,2000000,212368429,72147088,72124588,536864,90078106,22202953.51,85288,139840,512,1.1001,16002338681023
er,1000000,15999866,hybrid,neighbors-batch,1,200000,212368429,72147088,72124588,134216,15086787,13256633.11,35594,76809,512,1.0581,1601300666071
er,1000000,15999866,hybrid,neighbors-batch,2,200000,212368429,72147088,72124588,268432,7727217,25882539.60,35985,76324,512,1.0495,1601300666071
er,1000000,15999866,hybrid,neighbors-batch,4,200000,212368429,72147088,72124588,536864,3858315,51836099.44,34545,77747,512,1.0508,1601300666071
er,1000000,15999866,hybrid,neighbors-batch,1,2000000,212368429,72147088,72124588,134216,148354427,13481228.98,34939,77327,512,1.2528,16008090976901
er,1000000,15999866,hybrid,neighbors-batch,2,2000000,212368429,72147088,72124588,268432,81244392,24617083.72,38228,84726,512,1.0898,16008090976901
er,1000000,15999866,hybrid,neighbors-batch,4,2000000,212368429,72147088,72124588,536864,40349914,49566400.56,37781,82837,512,1.0769,16008090976901
er,1000000,15999866,hybrid,hasedge,1,200000,212368429,72147088,72124588,134216,17161808,11653783.80,165633,224311,2048,1.0317,100001
er,1000000,15999866,hybrid,hasedge,2,200000,212368429,72147088,72124588,268432,8078461,24757190.76,159842,206205,2048,1.0416,100001
er,1000000,15999866,hybrid,hasedge,4,200000,212368429,72147088,72124588,536864,4239886,47171079.60,157538,270461,2048,1.0387,100001
er,1000000,15999866,hybrid,hasedge,1,2000000,212368429,72147088,72124588,134216,183135648,10920866.70,178339,271005,2048,1.5055,1000017
er,1000000,15999866,hybrid,hasedge,2,2000000,212368429,72147088,72124588,268432,83718293,23889641.42,168085,235114,2048,1.4822,1000017
er,1000000,15999866,hybrid,hasedge,4,2000000,212368429,72147088,72124588,536864,42104902,47500407.43,161324,286808,2048,1.0565,1000017
rmat,262144,3939048,adjmap,neighbors,1,200000,110697309,33120736,29586376,41984,42387633,4718357.36,104372,189955,512,1.2292,343372051964
rmat,262144,3939048,adjmap,neighbors,2,200000,110697309,33120736,29586376,83968,20647187,9686549.55,99752,188019,512,1.0755,343372051964
rmat,262144,3939048,adjmap,neighbors,4,200000,110697309,33120736,29586376,167936,10380081,19267672.38,100174,189271,512,1.0624,343372051964
rmat,262144,3939048,adjmap,neighbors,1,2000000,110697309,33120736,29586376,41984,441094965,4534171.00,107255,199669,512,1.1896,3425411983556
rmat,262144,3939048,adjmap,neighbors,2,2000000,110697309,33120736,29586376,83968,192459686,10391786.67,93621,145897,512,1.0727,3425411983556
rmat,262144,3939048,adjmap,neighbors,4,2000000,110697309,33120736,29586376,167936,101385675,19726652.71,97787,161642,512,1.0511,3425411983556
rmat,262144,3939048,adjmap,neighbors-batch,1,200000,110697309,33120736,29586376,114688,26442132,7563686.62,63018,108974,512,1.1025,344210157953
rmat,262144,3939048,adjmap,neighbors-batch,2,200000,110697309,33120736,29586376,221184,14012356,14273117.24,70689,106280,512,1.0387,344210157953
rmat,262144,3939048,adjmap,neighbors-batch,4,200000,110697309,33120736,29586376,354944,7942334,25181514.65,72355,151840,512,1.0686,344210157953
rmat,262144,3939048,adjmap,neighbors-batch,1,2000000,110697309,33120736,29586376,114688,306240943,6530805.39,72115,121987,512,1.1759,3416303578877
rmat,262144,3939048,adjmap,neighbors-batch,2,2000000,110697309,33120736,29586376,221184,146397743,13661412.80,65450,155297,512,1.1687,3416303578877
rmat,262144,3939048,adjmap,neighbors-batch,4,2000000,110697309,33120736,29586376,434176,75081840,26637599.72,70390,144221,512,1.0252,3416303578877
rmat,262144,3939048,adjmap,hasedge,1,200000,110697309,33120736,29586376,41984,31937526,6262225.82,315333,416732,2048,1.1391,100005
rmat,262144,3939048,adjmap,hasedge,2,200000,110697309,33120736,29586376,83968,15504241,12899696.28,312481,393008,2048,1.1905,100005
rmat,262144,3939048,adjmap,hasedge,4,200000,110697309,33120736,29586376,167936,7901865,25310480.50,308657,439907,2048,1.1248,100005
rmat,262144,3939048,adjmap,hasedge,1,2000000,110697309,33120736,29586376,41984,289719430,6903230.48,283697,447308,2048,1.1983,1000062
rmat,262144,3939048,adjmap,hasedge,2,2000000,110697309,33120736,29586376,83968,143281054,13958579.62,276479,399799,2048,1.1257,1000062
rmat,262144,3939048,adjmap,hasedge,4,2000000,110697309,33120736,29586376,167936,78456660,25491781.07,310968,435944,2048,1.1656,1000062
rmat,262144,3939048,adjlist,neighbors,1,200000,39415955,28918768,28734304,41984,32394318,6173922.23,78850,123285,512,1.0263,343372051964
rmat,262144,3939048,adjlist,neighbors,2,200000,39415955,28918768,28734304,83968,14263398,14021904.18,70364,132092,512,1.0401,343372051964
rmat,262144,3939048,adjlist,neighbors,4,200000,39415955,28918768,28734304,167936,7894874,25332893.22,73772,146776,512,1.1046,343372051964
rmat,262144,3939048,adjlist,neighbors,1,2000000,39415955,28918768,28734304,41984,281974729,7092834.20,67927,114235,512,1.1906,3425411983556
rmat,262144,3939048,adjlist,neighbors,2,2000000,39415955,28918768,28734304,83968,152438364,13120056.84,72793,136462,512,1.0703,3425411983556
rmat,262144,3939048,adjlist,neighbors,4,2000000,39415955,28918768,28734304,167936,73200667,27322155.41,70592,124253,512,1.0830,3425411983556
rmat,262144,3939048,adjlist,neighbors-batch,1,200000,39415955,28918768,28734304,114688,18753129,10664886.91,44691,93531,512,1.2591,344210157953
rmat,262144,3939048,adjlist,neighbors-batch,2,200000,39415955,28918768,28734304,180224,9407925,21258672.87,43658,101111,512,1.0723,344210157953
rmat,262144,3939048,adjlist,neighbors-batch,4,200000,39415955,28918768,28734304,354944,5579337,35846553.09,52734,107011,512,1.0340,344210157953
rmat,262144,3939048,adjlist,neighbors-batch,1,2000000,39415955,28918768,28734304,114688,183788839,10882053.62,43726,89733,512,1.2627,3416303578877
rmat,262144,3939048,adjlist,neighbors-batch,2,2000000,39415955,28918768,28734304,221184,90550732,22087066.07,41115,104468,512,1.2520,3416303578877
rmat,262144,3939048,adjlist,neighbors-batch,4,2000000,39415955,28918768,28734304,442368,44600390,44842657.21,41885,95221,512,1.1009,3416303578877
rmat,262144,3939048,adjlist,hasedge,1,200000,39415955,28918768,28734304,41984,17971700,11128607.76,175848,233705,2048,1.1978,100005
rmat,262144,3939048,adjlist,hasedge,2,200000,39415955,28918768,28734304,83968,9205865,21725280.57,177857,256138,2048,1.0476,100005
rmat,262144,3939048,adjlist,hasedge,4,200000,39415955,28918768,28734304,167936,4829134,41415293.09,183229,346613,2048,1.0863,100005
rmat,262144,3939048,adjlist,hasedge,1,2000000,39415955,28918768,28734304,41984,206542802,9683222.95,204825,361720,2048,1.0686,1000062
rmat,262144,3939048,adjlist,hasedge,2,2000000,39415955,28918768,28734304,83968,99912859,20017443.40,196493,264800,2048,1.2010,1000062
rmat,262144,3939048,adjlist,hasedge,4,2000000,39415955,28918768,28734304,167936,51450787,38872097.33,203037,307543,2048,1.0629,1000062
rmat,262144,3939048,adjlist-exact,neighbors,1,200000,42857098,23043664,22047672,41984,29144031,6862468.68,70664,128189,512,1.0438,343372051964
rmat,262144,3939048,adjlist-exact,neighbors,2,200000,42857098,23043664,22047672,83968,14082446,14202078.25,68075,113805,512,1.1768,343372051964
rmat,262144,3939048,adjlist-exact,neighbors,4,200000,42857098,23043664,22047672,167936,7218757,27705600.84,70282,121063,512,1.1001,343372051964
rmat,262144,3939048,adjlist-exact,neighbors,1,2000000,42857098,23043664,22047672,41984,263800239,7581494.27,63673,107575,512,1.2090,3425411983556
rmat,262144,3939048,adjlist-exact,neighbors,2,2000000,42857098,23043664,22047672,83968,144617491,13829585.80,69441,119499,512,1.0589,3425411983556
rmat,262144,3939048,adjlist-exact,neighbors,4,2000000,42857098,23043664,22047672,167936,70886524,28214107.38,66132,132938,512,1.1798,3425411983556
rmat,262144,3939048,adjlist-exact,neighbors-batch,1,200000,42857098,23043664,22047672,114688,15968198,12524894.79,37334,81670,512,1.1579,344210157953
rmat,262144,3939048,adjlist-exact,neighbors-batch,2,200000,42857098,23043664,22047672,180224,8375492,23879194.20,39288,89269,512,1.0415,344210157953
rmat,262144,3939048,adjlist-exact,neighbors-batch,4,200000,42857098,23043664,22047672,354944,4278654,46743672.19,39483,89421,512,1.0503,344210157953
rmat,262144,3939048,adjlist-exact,neighbors-batch,1,2000000,42857098,23043664,22047672,114688,163491719,12233035.48,38510,83787,512,1.0627,3416303578877
rmat,262144,3939048,adjlist-exact,neighbors-batch,2,2000000,42857098,23043664,22047672,221184,77285747,25877992.74,37048,81571,512,1.0950,3416303578877
rmat,262144,3939048,adjlist-exact,neighbors-batch,4,2000000,42857098,23043664,22047672,434176,41557964,48125553.02,39624,87041,512,1.1929,3416303578877
rmat,262144,3939048,adjlist-exact,hasedge,1,200000,42857098,23043664,22047672,41984,19437565,10289354.66,187406,256528,2048,1.0378,100005
rmat,262144,3939048,adjlist-exact,hasedge,2,200000,42857098,23043664,22047672,83968,9339959,21413370.23,181565,251647,2048,1.0688,100005
rmat,262144,3939048,adjlist-exact,hasedge,4,200000,42857098,23043664,22047672,167936,4723398,42342398.42,173956,526776,2048,1.0178,100005
rmat,262144,3939048,adjlist-exact,hasedge,1,2000000,42857098,23043664,22047672,41984,169001521,11834213.02,166109,225707,2048,1.1204,1000062
rmat,262144,3939048,adjlist-exact,hasedge,2,2000000,42857098,23043664,22047672,83968,89146780,22434910.16,171568,242006,2048,1.4438,1000062
rmat,262144,3939048,adjlist-exact,hasedge,4,2000000,42857098,23043664,22047672,167936,44204283,45244484.57,172055,268516,2048,1.0619,1000062
rmat,262144,3939048,csr,neighbors,1,200000,42967417,16818224,16804820,41984,25681674,7787654.34,62082,112009,512,1.0725,343372051964
rmat,262144,3939048,csr,neighbors,2,200000,42967417,16818224,16804820,83968,13475507,14841742.13,63886,119213,512,1.0909,343372051964
rmat,262144,3939048,csr,neighbors,4,200000,42967417,16818224,16804820,167936,6462204,30949193.19,59597,120036,512,1.0754,343372051964
rmat,262144,3939048,csr,neighbors,1,2000000,42967417,16818224,16804820,41984,254652672,7853834.73,59977,115588,512,1.0567,3425411983556
rmat,262144,3939048,csr,neighbors,2,2000000,42967417,16818224,16804820,83968,118720583,16846278.46,56397,114366,512,1.2627,3425411983556
rmat,262144,3939048,csr,neighbors,4,2000000,42967417,16818224,16804820,167936,61552629,32492519.53,58668,120485,512,1.1970,3425411983556
rmat,262144,3939048,csr,neighbors-batch,1,200000,42967417,16818224,16804820,114688,13047708,15328362.65,30839,68989,512,1.1416,344210157953
rmat,262144,3939048,csr,neighbors-batch,2,200000,42967417,16818224,16804820,180224,6911789,28936068.51,32712,71650,512,1.2361,344210157953
rmat,262144,3939048,csr,neighbors-batch,4,200000,42967417,16818224,16804820,354944,3867109,51718221.54,34751,84046,512,1.0433,344210157953
rmat,262144,3939048,csr,neighbors-batch,1,2000000,42967417,16818224,16804820,114688,132890415,15049994.39,31290,79379,512,1.2062,3416303578877
rmat,262144,3939048,csr,neighbors-batch,2,2000000,42967417,16818224,16804820,229376,68620780,29145690.27,31462,81423,512,1.1111,3416303578877
rmat,262144,3939048,csr,neighbors-batch,4,2000000,42967417,16818224,16804820,442368,40655276,49194107.06,36463,90409,512,1.0952,3416303578877
rmat,262144,3939048,csr,hasedge,1,200000,42967417,16818224,16804820,41984,18513162,10803124.83,178173,235371,2048,1.0693,100005
rmat,262144,3939048,csr,hasedge,2,200000,42967417,16818224,16804820,83968,9453760,21155603.70,180860,236433,2048,1.0694,100005
rmat,262144,3939048,csr,hasedge,4,200000,42967417,16818224,16804820,167936,4740018,42193932.60,180721,324422,2048,1.0460,100005
rmat,262144,3939048,csr,hasedge,1,2000000,42967417,16818224,16804820,41984,165057092,12117019.49,159751,217218,2048,1.2102,1000062
rmat,262144,3939048,csr,hasedge,2,2000000,42967417,16818224,16804820,83968,80839418,24740405.73,155776,229424,2048,1.2353,1000062
rmat,262144,3939048,csr,hasedge,4,2000000,42967417,16818224,16804820,167936,46694815,42831307.93,180866,333633,2048,1.0834,1000062
rmat,262144,3939048,csr-slices,neighbors,1,200000,39450741,22052912,22047696,41984,24937310,8020111.23,60511,105104,512,1.0206,343372051964
rmat,262144,3939048,csr-slices,neighbors,2,200000,39450741,22052912,22047696,83968,13430312,14891686.81,65652,116541,512,1.0316,343372051964
rmat,262144,3939048,csr-slices,neighbors,4,200000,39450741,22052912,22047696,167936,7205695,27755823.69,70696,117658,512,1.0514,343372051964
rmat,262144,3939048,csr-slices,neighbors,1,2000000,39450741,22052912,22047696,41984,274606903,7283138.11,65636,130180,512,1.1048,3425411983556
rmat,262144,3939048,csr-slices,neighbors,2,2000000,39450741,22052912,22047696,83968,124493234,16065130.09,59927,107657,512,1.1081,3425411983556
rmat,262144,3939048,csr-slices,neighbors,4,2000000,39450741,22052912,22047696,167936,70957405,28185923.65,68714,121351,512,1.1158,3425411983556
rmat,262144,3939048,csr-slices,neighbors-batch,1,200000,39450741,22052912,22047696,114688,15434094,12958324.60,37214,78159,512,1.1178,344210157953
rmat,262144,3939048,csr-slices,neighbors-batch,2,200000,39450741,22052912,22047696,182912,7697130,25983710.81,36310,81113,512,1.0412,344210157953
rmat,262144,3939048,csr-slices,neighbors-batch,4,200000,39450741,22052912,22047696,316672,4233490,47242346.15,38618,81104,512,1.1112,344210157953
rmat,262144,3939048,csr-slices,neighbors-batch,1,2000000,39450741,22052912,22047696,114688,172727224,11578950.63,40278,94901,512,1.1492,3416303578877
rmat,262144,3939048,csr-slices,neighbors-batch,2,2000000,39450741,22052912,22047696,221184,93128672,21475663.26,44356,93031,512,1.0148,3416303578877
rmat,262144,3939048,csr-slices,neighbors-batch,4,2000000,39450741,22052912,22047696,442368,43954321,45501783.54,41740,89854,512,1.0937,3416303578877
rmat,262144,3939048,csr-slices,hasedge,1,200000,39450741,22052912,22047696,41984,19928652,10035801.72,194425,262899,2048,1.0353,100005
rmat,262144,3939048,csr-slices,hasedge,2,200000,39450741,22052912,22047696,83968,10327460,19365846.01,201370,277659,2048,1.2097,100005
rmat,262144,3939048,csr-slices,hasedge,4,200000,39450741,22052912,22047696,167936,4602200,43457476.86,172413,233782,2048,1.5670,100005
rmat,262144,3939048,csr-slices,hasedge,1,2000000,39450741,22052912,22047696,41984,166078825,12042474.41,161629,244116,2048,1.1049,1000062
rmat,262144,3939048,csr-slices,hasedge,2,2000000,39450741,22052912,22047696,83968,97548965,20502524.04,190704,308340,2048,1.0702,1000062
rmat,262144,3939048,csr-slices,hasedge,4,2000000,39450741,22052912,22047696,167936,48357868,41358316.29,192691,297706,2048,1.0656,1000062
rmat,262144,3939048,edgelist,neighbors,1,200000,18975986,31514656,31512408,41984,73341919,2726953.46,179175,285003,512,1.2480,343372051964
rmat,262144,3939048,edgelist,neighbors,2,200000,18975986,31514656,31512408,83968,38574239,5184807.40,190203,268234,512,1.0771,343372051964
rmat,262144,3939048,edgelist,neighbors,4,200000,18975986,31514656,31512408,167936,18511888,10803868.30,183264,276721,512,1.0933,343372051964
rmat,262144,3939048,edgelist,neighbors,1,2000000,18975986,31514656,31512408,41984,670000468,2985072.54,160761,274515,512,1.1841,3425411983556
rmat,262144,3939048,edgelist,neighbors,2,2000000,18975986,31514656,31512408,83968,367485050,5442398.27,183570,272221,512,1.1409,3425411983556
rmat,262144,3939048,edgelist,neighbors,4,2000000,18975986,31514656,31512408,167936,189922242,10530625.48,186967,278461,512,1.0907,3425411983556
rmat,262144,3939048,edgelist,neighbors-batch,1,200000,18975986,31514656,31512408,114688,78086719,2561255.01,190006,310976,512,1.2285,344210157953
rmat,262144,3939048,edgelist,neighbors-batch,2,200000,18975986,31514656,31512408,229376,35049374,5706236.01,171753,282081,512,1.1220,344210157953
rmat,262144,3939048,edgelist,neighbors-batch,4,200000,18975986,31514656,31512408,323584,18399002,10870154.81,177677,275834,512,1.1674,344210157953
rmat,262144,3939048,edgelist,neighbors-batch,1,2000000,18975986,31514656,31512408,114688,620946224,3220890.83,152440,214529,512,1.2444,3416303578877
rmat,262144,3939048,edgelist,neighbors-batch,2,2000000,18975986,31514656,31512408,229376,335535093,5960628.39,161058,269329,512,1.1407,3416303578877
rmat,262144,3939048,edgelist,neighbors-batch,4,2000000,18975986,31514656,31512408,458752,171043333,11692943.33,165299,264400,512,1.1729,3416303578877
rmat,262144,3939048,edgelist,hasedge,1,200000,18975986,31514656,31512408,41984,68145748,2934885.97,693355,780464,2048,1.1045,100005
rmat,262144,3939048,edgelist,hasedge,2,200000,18975986,31514656,31512408,83968,31580621,6332997.70,646548,944495,2048,1.2062,100005
rmat,262144,3939048,edgelist,hasedge,4,200000,18975986,31514656,31512408,167936,17778902,11249288.62,696113,1330408,2048,1.1841,100005
rmat,262144,3939048,edgelist,hasedge,1,2000000,18975986,31514656,31512408,41984,613007525,3262602.69,621246,778422,2048,1.1321,1000062
rmat,262144,3939048,edgelist,hasedge,2,2000000,18975986,31514656,31512408,83968,302972979,6601248.75,590498,1043379,2048,1.0958,1000062
rmat,262144,3939048,edgelist,hasedge,4,2000000,18975986,31514656,31512408,167936,151297548,13218984.88,580821,961523,2048,1.1940,1000062
rmat,262144,3939048,varint-csr,neighbors,1,200000,66829150,9461840,9451012,41984,50264213,3978974.07,124479,206599,512,1.3715,343372051964
rmat,262144,3939048,varint-csr,neighbors,2,200000,66829150,9461840,9451012,83968,25292234,7907565.62,122655,183322,512,1.1132,343372051964
rmat,262144,3939048,varint-csr,neighbors,4,200000,66829150,9461840,9451012,167936,12442368,16074110.65,120901,243546,512,1.2579,343372051964
rmat,262144,3939048,varint-csr,neighbors,1,2000000,66829150,9461840,9451012,41984,484590074,4127199.68,120462,186608,512,1.1080,3425411983556
rmat,262144,3939048,varint-csr,neighbors,2,2000000,66829150,9461840,9451012,83968,234114407,8542831.80,117156,185191,512,1.2864,3425411983556
rmat,262144,3939048,varint-csr,neighbors,4,2000000,66829150,9461840,9451012,167936,126223890,15844861.06,121070,230394,512,1.1266,3425411983556
rmat,262144,3939048,varint-csr,neighbors-batch,1,200000,66829150,9461840,9451012,114688,39717388,5035577.87,98536,151900,512,1.3021,344210157953
rmat,262144,3939048,varint-csr,neighbors-batch,2,200000,66829150,9461840,9451012,229376,25145741,7953633.18,122223,269169,512,1.0295,344210157953
rmat,262144,3939048,varint-csr,neighbors-batch,4,200000,66829150,9461840,9451012,368640,10817972,18487753.53,105330,180199,512,1.0588,344210157953
rmat,262144,3939048,varint-csr,neighbors-batch,1,2000000,66829150,9461840,9451012,114688,409161146,4888049.66,100339,165881,512,1.2476,3416303578877
rmat,262144,3939048,varint-csr,neighbors-batch,2,2000000,66829150,9461840,9451012,229376,222740895,8979042.67,109711,189114,512,1.1473,3416303578877
rmat,262144,3939048,varint-csr,neighbors-batch,4,2000000,66829150,9461840,9451012,458752,108370629,18455184.94,106009,179304,512,1.0583,3416303578877
rmat,262144,3939048,varint-csr,hasedge,1,200000,66829150,9461840,9451012,41984,126791205,1577396.48,1297073,1615878,2048,1.1227,100005
rmat,262144,3939048,varint-csr,hasedge,2,200000,66829150,9461840,9451012,83968,62485581,3200738.42,1271692,1458220,2048,1.2849,100005
rmat,262144,3939048,varint-csr,hasedge,4,200000,66829150,9461840,9451012,167936,34227200,5843305.91,1298986,2171501,2048,1.2155,100005
rmat,262144,3939048,varint-csr,hasedge,1,2000000,66829150,9461840,9451012,41984,1427897233,1400661.02,1414266,2010662,2048,1.2062,1000062
rmat,262144,3939048,varint-csr,hasedge,2,2000000,66829150,9461840,9451012,83968,712320334,2807725.55,1422632,1932867,2048,1.1925,1000062
rmat,262144,3939048,varint-csr,hasedge,4,2000000,66829150,9461840,9451012,167936,377981007,5291271.16,1509704,2341400,2048,1.0945,1000062
rmat,262144,3939048,hybrid,neighbors,1,200000,74267950,17866912,17855532,41984,22111712,9044980.33,53205,96942,512,1.1516,343372051964
rmat,262144,3939048,hybrid,neighbors,2,200000,74267950,17866912,17855532,83968,11137478,17957386.76,53321,98167,512,1.1907,343372051964
rmat,262144,3939048,hybrid,neighbors,4,200000,74267950,17866912,17855532,167936,5684930,35180732.22,54365,97345,512,1.1645,343372051964
rmat,262144,3939048,hybrid,neighbors,1,2000000,74267950,17866912,17855532,41984,253871076,7878014.43,60641,122771,512,1.1855,3425411983556
rmat,262144,3939048,hybrid,neighbors,2,2000000,74267950,17866912,17855532,83968,111507814,17935962.77,54062,103403,512,1.1440,3425411983556
rmat,262144,3939048,hybrid,neighbors,4,2000000,74267950,17866912,17855532,167936,57668159,34681183.42,55209,109451,512,1.0966,3425411983556
rmat,262144,3939048,hybrid,neighbors-batch,1,200000,74267950,17866912,17855532,106496,15642013,12786078.11,36238,90634,512,1.0359,344210157953
rmat,262144,3939048,hybrid,neighbors-batch,2,200000,74267950,17866912,17855532,174720,7601912,26309170.64,35302,88468,512,1.0811,344210157953
rmat,262144,3939048,hybrid,neighbors-batch,4,200000,74267950,17866912,17855532,363136,3976347,50297421.23,35276,83584,512,1.0559,344210157953
rmat,262144,3939048,hybrid,neighbors-batch,1,2000000,74267950,17866912,17855532,106496,140506389,14234228.17,32753,76048,512,1.0670,3416303578877
rmat,262144,3939048,hybrid,neighbors-batch,2,2000000,74267950,17866912,17855532,221184,69050873,28964152.27,32684,80912,512,1.0649,3416303578877
rmat,262144,3939048,hybrid,neighbors-batch,4,2000000,74267950,17866912,17855532,442368,37163684,53815977.99,34310,80268,512,1.2278,3416303578877
rmat,262144,3939048,hybrid,hasedge,1,200000,74267950,17866912,17855532,41984,16494917,12124947.34,159246,213284,2048,1.0058,100005
rmat,262144,3939048,hybrid,hasedge,2,200000,74267950,17866912,17855532,83968,9030393,22147430.35,179800,331572,2048,1.1350,100005
rmat,262144,3939048,hybrid,hasedge,4,200000,74267950,17866912,17855532,167936,4690021,42643732.30,182515,225727,2048,1.0549,100005
rmat,262144,3939048,hybrid,hasedge,1,2000000,74267950,17866912,17855532,41984,159761533,12518658.04,155840,226635,2048,1.2374,1000062
rmat,262144,3939048,hybrid,hasedge,2,2000000,74267950,17866912,17855532,83968,77042852,25959578.96,149000,205400,2048,1.2760,1000062
rmat,262144,3939048,hybrid,hasedge,4,2000000,74267950,17866912,17855532,167936,43756236,45707770.66,168337,250488,2048,1.0400,1000062
rmat,1048576,16084638,adjmap,neighbors,1,200000,479737511,126678784,110286200,140288,66353643,3014152.52,165860,289858,512,1.1188,1516646299677
rmat,1048576,16084638,adjmap,neighbors,2,200000,479737511,126678784,110286200,280576,23938514,8354737.47,117206,206655,512,1.1664,1516646299677
rmat,1048576,16084638,adjmap,neighbors,4,200000,479737511,126678784,110286200,561152,12508663,15988919.04,122269,195781,512,1.0985,1516646299677
rmat,1048576,16084638,adjmap,neighbors,1,2000000,479737511,126678784,110286200,140288,619951942,3226056.51,157299,218581,512,1.0883,15002922775153
rmat,1048576,16084638,adjmap,neighbors,2,2000000,479737511,126678784,110286200,280576,227744585,8781767.52,112219,179006,512,1.1105,15002922775153
rmat,1048576,16084638,adjmap,neighbors,4,2000000,479737511,126678784,110286200,561152,108798767,18382561.27,106627,172672,512,1.0486,15002922775153
rmat,1048576,16084638,adjmap,neighbors-batch,1,200000,479737511,126678784,110286200,303104,36060572,5546223.73,86767,143913,512,1.1090,1531811143125
rmat,1048576,16084638,adjmap,neighbors-batch,2,200000,479737511,126678784,110286200,507904,18494878,10813804.77,87998,139864,512,1.0336,1531811143125
rmat,1048576,16084638,adjmap,neighbors-batch,4,200000,479737511,126678784,110286200,917504,8723536,22926483.02,83005,161231,512,1.0657,1531811143125
rmat,1048576,16084638,adjmap,neighbors-batch,1,2000000,479737511,126678784,110286200,303104,466205970,4289949.35,115082,187648,512,1.0584,15001765366615
rmat,1048576,16084638,adjmap,neighbors-batch,2,2000000,479737511,126678784,110286200,606208,235284655,8500341.85,114216,202039,512,1.0625,15001765366615
rmat,1048576,16084638,adjmap,neighbors-batch,4,2000000,479737511,126678784,110286200,1212416,95154307,21018491.57,91547,178796,512,1.3139,15001765366615
rmat,1048576,16084638,adjmap,hasedge,1,200000,479737511,126678784,110286200,140288,39642420,5045100.68,398588,576850,2048,1.1502,100003
rmat,1048576,16084638,adjmap,hasedge,2,200000,479737511,126678784,110286200,280576,21544486,9283117.73,428838,568259,2048,1.1819,100003
rmat,1048576,16084638,adjmap,hasedge,4,200000,479737511,126678784,110286200,561152,10852048,18429701.01,418238,575560,2048,1.0486,100003
rmat,1048576,16084638,adjmap,hasedge,1,2000000,479737511,126678784,110286200,140288,443554682,4509026.92,441709,616412,2048,1.1563,1000009
rmat,1048576,16084638,adjmap,hasedge,2,2000000,479737511,126678784,110286200,280576,192329210,10398836.45,379638,544744,2048,1.2590,1000009
rmat,1048576,16084638,adjmap,hasedge,4,2000000,479737511,126678784,110286200,561152,95888099,20857645.74,386452,620296,2048,1.0492,1000009
rmat,1048576,16084638,adjlist,neighbors,1,200000,186949599,109859600,109197680,140288,35176281,5685649.37,84053,152500,512,1.2013,1516646299677
rmat,1048576,16084638,adjlist,neighbors,2,200000,186949599,109859600,109197680,280576,19614054,10196770.13,94270,165236,512,1.0262,1516646299677
rmat,1048576,16084638,adjlist,neighbors,4,200000,186949599,109859600,109197680,561152,9254793,21610423.92,86692,158689,512,1.1376,1516646299677
rmat,1048576,16084638,adjlist,neighbors,1,2000000,186949599,109859600,109197680,140288,446452367,4479761.22,108909,185743,512,1.0873,15002922775153
rmat,1048576,16084638,adjlist,neighbors,2,2000000,186949599,109859600,109197680,280576,186714998,10711512.31,89955,162798,512,1.1191,15002922775153
rmat,1048576,16084638,adjlist,neighbors,4,2000000,186949599,109859600,109197680,561152,86018759,23250742.32,82622,150532,512,1.1730,15002922775153
rmat,1048576,16084638,adjlist,neighbors-batch,1,200000,186949599,109859600,109197680,303104,24342434,8216105.26,56542,117925,512,1.0631,1531811143125
rmat,1048576,16084638,adjlist,neighbors-batch,2,200000,186949599,109859600,109197680,507904,11351199,17619284.10,53535,104989,512,1.0567,1531811143125
rmat,1048576,16084638,adjlist,neighbors-batch,4,200000,186949599,109859600,109197680,838272,5165360,38719469.70,47320,99580,512,1.0629,1531811143125
rmat,1048576,16084638,adjlist,neighbors-batch,1,2000000,186949599,109859600,109197680,303104,256305133,7803199.17,61019,120838,512,1.2138,15001765366615
rmat,1048576,16084638,adjlist,neighbors-batch,2,2000000,186949599,109859600,109197680,606208,103992917,19232079.05,49482,99000,512,1.5379,15001765366615
rmat,1048576,16084638,adjlist,neighbors-batch,4,2000000,186949599,109859600,109197680,1114112,55135164,36274490.81,52466,103030,512,1.0489,15001765366615
rmat,1048576,16084638,adjlist,hasedge,1,200000,186949599,109859600,109197680,140288,25722093,7775417.03,252518,420336,2048,1.0340,100003
rmat,1048576,16084638,adjlist,hasedge,2,200000,186949599,109859600,109197680,280576,11975036,16701411.17,228009,490713,2048,1.1279,100003
rmat,1048576,16084638,adjlist,hasedge,4,200000,186949599,109859600,109197680,561152,6222362,32142135.09,229518,530713,2048,1.0444,100003
rmat,1048576,16084638,adjlist,hasedge,1,2000000,186949599,109859600,109197680,140288,237898496,8406946.80,233957,319880,2048,1.4708,1000009
rmat,1048576,16084638,adjlist,hasedge,2,2000000,186949599,109859600,109197680,280576,142853486,14000358.38,278600,441181,2048,1.0199,1000009
rmat,1048576,16084638,adjlist,hasedge,4,2000000,186949599,109859600,109197680,561152,60331666,33150087.39,244191,370159,2048,1.1689,1000009
rmat,1048576,16084638,adjlist-exact,neighbors,1,200000,148047672,93687416,89504400,140288,36762433,5440336.33,89389,150370,512,1.0556,1516646299677
rmat,1048576,16084638,adjlist-exact,neighbors,2,200000,148047672,93687416,89504400,280576,18451823,10839037.42,88708,145137,512,1.0507,1516646299677
rmat,1048576,16084638,adjlist-exact,neighbors,4,200000,148047672,93687416,89504400,561152,8286741,24134940.38,78817,145620,512,1.0592,1516646299677
rmat,1048576,16084638,adjlist-exact,neighbors,1,2000000,148047672,93687416,89504400,140288,387793230,5157387.61,93394,167858,512,1.3495,15002922775153
rmat,1048576,16084638,adjlist-exact,neighbors,2,2000000,148047672,93687416,89504400,280576,172848060,11570855.93,82656,154652,512,1.0554,15002922775153
rmat,1048576,16084638,adjlist-exact,neighbors,4,2000000,148047672,93687416,89504400,561152,83415041,23976491.24,80528,146850,512,1.0340,15002922775153
rmat,1048576,16084638,adjlist-exact,neighbors-batch,1,200000,148047672,93687416,89504400,303104,21734497,9201961.29,52897,99605,512,1.1912,1531811143125
rmat,1048576,16084638,adjlist-exact,neighbors-batch,2,200000,148047672,93687416,89504400,507904,10479226,19085379.02,48893,107108,512,1.0354,1531811143125
rmat,1048576,16084638,adjlist-exact,neighbors-batch,4,200000,148047672,93687416,89504400,876544,5442961,36744705.69,51057,102663,512,1.0447,1531811143125
rmat,1048576,16084638,adjlist-exact,neighbors-batch,1,2000000,148047672,93687416,89504400,303104,225705815,8861092.04,53929,105162,512,1.1746,15001765366615
rmat,1048576,16084638,adjlist-exact,neighbors-batch,2,2000000,148047672,93687416,89504400,606208,102198602,19569739.32,48306,100221,512,1.2116,15001765366615
rmat,1048576,16084638,adjlist-exact,neighbors-batch,4,2000000,148047672,93687416,89504400,1114112,50565640,39552549.91,47830,101885,512,1.0762,15001765366615
rmat,1048576,16084638,adjlist-exact,hasedge,1,200000,148047672,93687416,89504400,140288,22157305,9026368.50,219175,272131,2048,1.0153,100003
rmat,1048576,16084638,adjlist-exact,hasedge,2,200000,148047672,93687416,89504400,280576,11626862,17201545.87,233793,298770,2048,1.0418,100003
rmat,1048576,16084638,adjlist-exact,hasedge,4,200000,148047672,93687416,89504400,561152,5997398,33347795.16,235687,362239,2048,1.0875,100003
rmat,1048576,16084638,adjlist-exact,hasedge,1,2000000,148047672,93687416,89504400,140288,286142444,6989525.82,277535,410623,2048,1.1070,1000009
rmat,1048576,16084638,adjlist-exact,hasedge,2,2000000,148047672,93687416,89504400,280576,125691001,15912038.13,252095,354827,2048,1.1089,1000009
rmat,1048576,16084638,adjlist-exact,hasedge,4,2000000,148047672,93687416,89504400,561152,60821109,32883320.16,243528,384638,2048,1.0704,1000009
rmat,1048576,16084638,csr,neighbors,1,200000,134261211,68542512,68532908,140288,34075163,5869377.65,82645,142094,512,1.0412,1516646299677
rmat,1048576,16084638,csr,neighbors,2,200000,134261211,68542512,68532908,280576,16654271,12008931.52,79741,148766,512,1.1280,1516646299677
rmat,1048576,16084638,csr,neighbors,4,200000,134261211,68542512,68532908,561152,9187581,21768515.56,89143,149836,512,1.0560,1516646299677
rmat,1048576,16084638,csr,neighbors,1,2000000,134261211,68542512,68532908,140288,321214872,6226361.77,77209,135448,512,1.0964,15002922775153
rmat,1048576,16084638,csr,neighbors,2,2000000,134261211,68542512,68532908,280576,163720773,12215920.82,78707,141685,512,1.0584,15002922775153
rmat,1048576,16084638,csr,neighbors,4,2000000,134261211,68542512,68532908,561152,80448837,24860520.98,77392,130747,512,1.0499,15002922775153
rmat,1048576,16084638,csr,neighbors-batch,1,200000,134261211,68542512,68532908,303104,28526278,7011079.40,71192,134161,512,1.3025,1531811143125
rmat,1048576,16084638,csr,neighbors-batch,2,200000,134261211,68542512,68532908,507904,9416167,21240065.09,44123,98103,512,1.2655,1531811143125
rmat,1048576,16084638,csr,neighbors-batch,4,200000,134261211,68542512,68532908,835584,4557377,43884892.56,42506,90168,512,1.0875,1531811143125
rmat,1048576,16084638,csr,neighbors-batch,1,2000000,134261211,68542512,68532908,303104,175217628,11414376.64,41620,81214,512,1.1422,15001765366615
rmat,1048576,16084638,csr,neighbors-batch,2,2000000,134261211,68542512,68532908,606208,94697894,21119793.86,44859,92318,512,1.1049,15001765366615
rmat,1048576,16084638,csr,neighbors-batch,4,2000000,134261211,68542512,68532908,1114112,47711752,41918393.61,44552,95944,512,1.0728,15001765366615
rmat,1048576,16084638,csr,hasedge,1,200000,134261211,68542512,68532908,140288,24489971,8166608.28,241491,300832,2048,1.0130,100003
rmat,1048576,16084638,csr,hasedge,2,200000,134261211,68542512,68532908,280576,12350893,16193161.09,240103,354978,2048,1.0228,100003
rmat,1048576,16084638,csr,hasedge,4,200000,134261211,68542512,68532908,561152,6101170,32780597.82,231486,303611,2048,1.2075,100003
rmat,1048576,16084638,csr,hasedge,1,2000000,134261211,68542512,68532908,140288,247755162,8072485.69,243203,365849,2048,1.2040,1000009
rmat,1048576,16084638,csr,hasedge,2,2000000,134261211,68542512,68532908,280576,116823977,17119773.28,222925,420679,2048,1.1140,1000009
rmat,1048576,16084638,csr,hasedge,4,2000000,134261211,68542512,68532908,561152,56566144,35356838.18,227302,348314,2048,1.0103,1000009
rmat,1048576,16084638,csr-slices,neighbors,1,200000,163799998,89505840,89504424,140288,38762466,5159630.45,94267,161200,512,1.0711,1516646299677
rmat,1048576,16084638,csr-slices,neighbors,2,200000,163799998,89505840,89504424,280576,17051738,11729009.68,81277,156078,512,1.0788,1516646299677
rmat,1048576,16084638,csr-slices,neighbors,4,200000,163799998,89505840,89504424,561152,8775369,22791064.40,81684,160475,512,1.0194,1516646299677
rmat,1048576,16084638,csr-slices,neighbors,1,2000000,163799998,89505840,89504424,140288,375538220,5325689.62,91635,151355,512,1.1488,15002922775153
rmat,1048576,16084638,csr-slices,neighbors,2,2000000,163799998,89505840,89504424,280576,170403301,11736861.83,81941,139674,512,1.1639,15002922775153
rmat,1048576,16084638,csr-slices,neighbors,4,2000000,163799998,89505840,89504424,561152,85617703,23359654.95,82178,156263,512,1.0926,15002922775153
rmat,1048576,16084638,csr-slices,neighbors-batch,1,200000,163799998,89505840,89504424,303104,21101288,9478094.42,50207,113123,512,1.4197,1531811143125
rmat,1048576,16084638,csr-slices,neighbors-batch,2,200000,163799998,89505840,89504424,507904,11721794,17062234.67,56590,118608,512,1.0465,1531811143125
rmat,1048576,16084638,csr-slices,neighbors-batch,4,200000,163799998,89505840,89504424,876544,5938386,33679184.88,53602,131755,512,1.3666,1531811143125
rmat,1048576,16084638,csr-slices,neighbors-batch,1,2000000,163799998,89505840,89504424,303104,227675399,8784436.13,55006,102395,512,1.1364,15001765366615
rmat,1048576,16084638,csr-slices,neighbors-batch,2,2000000,163799998,89505840,89504424,606208,103793609,19269009.14,49315,101965,512,1.1054,15001765366615
rmat,1048576,16084638,csr-slices,neighbors-batch,4,2000000,163799998,89505840,89504424,1015808,47984909,41679770.61,46026,91467,512,1.1714,15001765366615
rmat,1048576,16084638,csr-slices,hasedge,1,200000,163799998,89505840,89504424,140288,21288240,9394858.38,210331,267893,2048,1.0769,100003
rmat,1048576,16084638,csr-slices,hasedge,2,200000,163799998,89505840,89504424,280576,11754500,17014760.30,234611,565781,2048,1.0685,100003
rmat,1048576,16084638,csr-slices,hasedge,4,200000,163799998,89505840,89504424,561152,5866992,34089018.70,232864,350598,2048,1.0257,100003
rmat,1048576,16084638,csr-slices,hasedge,1,2000000,163799998,89505840,89504424,140288,240401006,8319432.74,231670,387333,2048,1.2486,1000009
rmat,1048576,16084638,csr-slices,hasedge,2,2000000,163799998,89505840,89504424,280576,128582469,15554219.91,253794,358995,2048,1.0807,1000009
rmat,1048576,16084638,csr-slices,hasedge,4,2000000,163799998,89505840,89504424,561152,60792546,32898770.19,240289,339324,2048,1.1719,1000009
rmat,1048576,16084638,edgelist,neighbors,1,200000,66341465,128679968,128677128,140288,112956498,1770593.14,283128,443658,512,1.1135,1516646299677
rmat,1048576,16084638,edgelist,neighbors,2,200000,66341465,128679968,128677128,280576,51191675,3906885.25,257178,334754,512,1.0674,1516646299677
rmat,1048576,16084638,edgelist,neighbors,4,200000,66341465,128679968,128677128,561152,26366466,7585392.75,260292,375849,512,1.0280,1516646299677
rmat,1048576,16084638,edgelist,neighbors,1,2000000,66341465,128679968,128677128,140288,1065737107,1876635.42,266764,389576,512,1.1641,15002922775153
rmat,1048576,16084638,edgelist,neighbors,2,2000000,66341465,128679968,128677128,280576,553771607,3611597.23,272395,468009,512,1.0468,15002922775153
rmat,1048576,16084638,edgelist,neighbors,4,2000000,66341465,128679968,128677128,561152,249557749,8014177.11,244213,365452,512,1.1732,15002922775153
rmat,1048576,16084638,edgelist,neighbors-batch,1,200000,66341465,128679968,128677128,311296,115092278,1737736.05,284669,422460,512,1.0201,1531811143125
rmat,1048576,16084638,edgelist,neighbors-batch,2,200000,66341465,128679968,128677128,524288,53162478,3762051.87,266849,384582,512,1.1056,1531811143125
rmat,1048576,16084638,edgelist,neighbors-batch,4,200000,66341465,128679968,128677128,950272,26763854,7472765.32,267382,382121,512,1.1495,1531811143125
rmat,1048576,16084638,edgelist,neighbors-batch,1,2000000,66341465,128679968,128677128,311296,1112822995,1797231.01,274892,451047,512,1.0707,15001765366615
rmat,1048576,16084638,edgelist,neighbors-batch,2,2000000,66341465,128679968,128677128,622592,541425569,3693951.88,263371,515021,512,1.0654,15001765366615
rmat,1048576,16084638,edgelist,neighbors-batch,4,2000000,66341465,128679968,128677128,1146880,250653980,7979127.24,249535,366397,512,1.1082,15001765366615
rmat,1048576,16084638,edgelist,hasedge,1,200000,66341465,128679968,128677128,140288,77609439,2577006.13,787508,891035,2048,1.2324,100003
rmat,1048576,16084638,edgelist,hasedge,2,200000,66341465,128679968,128677128,280576,45729982,4373498.33,829735,1387205,2048,1.0710,100003
rmat,1048576,16084638,edgelist,hasedge,4,200000,66341465,128679968,128677128,561152,21793193,9177177.48,857735,1064967,2048,1.1576,100003
rmat,1048576,16084638,edgelist,hasedge,1,2000000,66341465,128679968,128677128,140288,909451469,2199127.79,911243,1285190,2048,1.0786,1000009
rmat,1048576,16084638,edgelist,hasedge,2,2000000,66341465,128679968,128677128,280576,452432169,4420552.16,939219,1136603,2048,1.0252,1000009
rmat,1048576,16084638,edgelist,hasedge,4,2000000,66341465,128679968,128677128,561152,226437111,8832474.46,909319,1340137,2048,1.1141,1000009
rmat,1048576,16084638,varint-csr,neighbors,1,200000,241709402,38469792,38460784,140288,63418857,3153636.15,156371,268444,512,1.0446,1516646299677
rmat,1048576,16084638,varint-csr,neighbors,2,200000,241709402,38469792,38460784,280576,32155033,6219866.11,155206,307361,512,1.1705,1516646299677
rmat,1048576,16084638,varint-csr,neighbors,4,200000,241709402,38469792,38460784,561152,14840347,13476773.82,145045,235166,512,1.1033,1516646299677
rmat,1048576,16084638,varint-csr,neighbors,1,2000000,241709402,38469792,38460784,140288,609482477,3281472.52,149031,274065,512,1.1022,15002922775153
rmat,1048576,16084638,varint-csr,neighbors,2,2000000,241709402,38469792,38460784,280576,300984909,6644851.42,144472,282875,512,1.0470,15002922775153
rmat,1048576,16084638,varint-csr,neighbors,4,2000000,241709402,38469792,38460784,561152,150481310,13290687.06,147114,255887,512,1.0351,15002922775153
rmat,1048576,16084638,varint-csr,neighbors-batch,1,200000,241709402,38469792,38460784,311296,54233715,3687742.95,133467,222742,512,1.1126,1531811143125
rmat,1048576,16084638,varint-csr,neighbors-batch,2,200000,241709402,38469792,38460784,524288,27049290,7393909.41,133248,253235,512,1.0094,1531811143125
rmat,1048576,16084638,varint-csr,neighbors-batch,4,200000,241709402,38469792,38460784,905216,12992967,15392942.97,125500,210608,512,1.0754,1531811143125
rmat,1048576,16084638,varint-csr,neighbors-batch,1,2000000,241709402,38469792,38460784,311296,535010362,3738245.35,132506,217084,512,1.1653,15001765366615
rmat,1048576,16084638,varint-csr,neighbors-batch,2,2000000,241709402,38469792,38460784,622592,281645917,7101114.84,139564,224753,512,1.0906,15001765366615
rmat,1048576,16084638,varint-csr,neighbors-batch,4,2000000,241709402,38469792,38460784,1048576,141114462,14172891.79,139237,238735,512,1.0527,15001765366615
rmat,1048576,16084638,varint-csr,hasedge,1,200000,241709402,38469792,38460784,140288,286337737,698475.87,2906992,6233682,2048,1.1418,100003
rmat,1048576,16084638,varint-csr,hasedge,2,200000,241709402,38469792,38460784,280576,129890135,1539762.82,2644445,3580293,2048,1.2331,100003
rmat,1048576,16084638,varint-csr,hasedge,4,200000,241709402,38469792,38460784,561152,73531202,2719933.78,2961735,4624303,2048,1.0519,100003
rmat,1048576,16084638,varint-csr,hasedge,1,2000000,241709402,38469792,38460784,140288,3124916432,640017.12,3115586,5157032,2048,1.0307,1000009
rmat,1048576,16084638,varint-csr,hasedge,2,2000000,241709402,38469792,38460784,280576,1302310010,1535732.65,2537241,4021153,2048,1.2018,1000009
rmat,1048576,16084638,varint-csr,hasedge,4,2000000,241709402,38469792,38460784,561152,685634219,2917007.27,2734166,4577177,2048,1.1184,1000009
rmat,1048576,16084638,hybrid,neighbors,1,200000,278220866,72843440,72832000,140288,31118660,6427011.96,71546,278042,512,1.3371,1516646299677
rmat,1048576,16084638,hybrid,neighbors,2,200000,278220866,72843440,72832000,280576,16869384,11855797.46,83589,149920,512,1.0709,1516646299677
rmat,1048576,16084638,hybrid,neighbors,4,200000,278220866,72843440,72832000,561152,7274488,27493343.86,67924,130457,512,1.0766,1516646299677
rmat,1048576,16084638,hybrid,neighbors,1,2000000,278220866,72843440,72832000,140288,329075120,6077639.66,78323,159643,512,1.2184,15002922775153
rmat,1048576,16084638,hybrid,neighbors,2,2000000,278220866,72843440,72832000,280576,176772679,11313965.55,85130,145664,512,1.0612,15002922775153
rmat,1048576,16084638,hybrid,neighbors,4,2000000,278220866,72843440,72832000,561152,79619380,25119512.36,76970,138822,512,1.0567,15002922775153
rmat,1048576,16084638,hybrid,neighbors-batch,1,200000,278220866,72843440,72832000,327680,21429891,9332758.62,49650,103206,512,1.1295,1531811143125
rmat,1048576,16084638,hybrid,neighbors-batch,2,200000,278220866,72843440,72832000,532480,9980554,20038967.78,45160,97901,512,1.0305,1531811143125
rmat,1048576,16084638,hybrid,neighbors-batch,4,200000,278220866,72843440,72832000,942080,4916310,40680917.19,43913,94062,512,1.0369,1531811143125
rmat,1048576,16084638,hybrid,neighbors-batch,1,2000000,278220866,72843440,72832000,327680,197065122,10148929.35,46637,94053,512,1.0431,15001765366615
rmat,1048576,16084638,hybrid,neighbors-batch,2,2000000,278220866,72843440,72832000,532480,89003909,22470923.16,42596,88884,512,1.4223,15001765366615
rmat,1048576,16084638,hybrid,neighbors-batch,4,2000000,278220866,72843440,72832000,1187840,47545059,42065359.52,44270,97031,512,1.0851,15001765366615
rmat,1048576,16084638,hybrid,hasedge,1,200000,278220866,72843440,72832000,140288,24657731,8111046.39,224814,679919,2048,1.1416,100003
rmat,1048576,16084638,hybrid,hasedge,2,200000,278220866,72843440,72832000,280576,12322408,16230593.89,235266,398032,2048,1.0271,100003
rmat,1048576,16084638,hybrid,hasedge,4,200000,278220866,72843440,72832000,561152,6159873,32468201.86,235626,389810,2048,1.0697,100003
rmat,1048576,16084638,hybrid,hasedge,1,2000000,278220866,72843440,72832000,140288,259038273,7720866.79,255505,347021,2048,1.0640,1000009
rmat,1048576,16084638,hybrid,hasedge,2,2000000,278220866,72843440,72832000,280576,119890145,16681938.29,233357,489453,2048,1.1888,1000009
rmat,1048576,16084638,hybrid,hasedge,4,2000000,278220866,72843440,72832000,561152,61507113,32516564.39,239795,339634,2048,1.0655,1000009
grid,199809,797448,adjmap,neighbors,1,200000,64517486,13692480,12787744,34200,13524361,14788129.36,33513,71851,512,1.2455,80071001957
grid,199809,797448,adjmap,neighbors,2,200000,64517486,13692480,12787744,68400,7892428,25340744.32,37388,81974,512,1.1204,80071001957
grid,199809,797448,adjmap,neighbors,4,200000,64517486,13692480,12787744,136800,4037520,49535358.34,37203,84388,512,1.2109,80071001957
grid,199809,797448,adjmap,neighbors,1,2000000,64517486,13692480,12787744,34200,133026385,15034611.37,33325,69528,512,1.1810,797639058804
grid,199809,797448,adjmap,neighbors,2,2000000,64517486,13692480,12787744,68400,80316976,24901335.93,36515,119180,512,1.2030,797639058804
grid,199809,797448,adjmap,neighbors,4,2000000,64517486,13692480,12787744,136800,38121340,52464052.94,35479,85751,512,1.0753,797639058804
grid,199809,797448,adjmap,neighbors-batch,1,200000,64517486,13692480,12787744,34200,13343988,14988023.07,33095,70302,512,2.0882,79789478392
grid,199809,797448,adjmap,neighbors-batch,2,200000,64517486,13692480,12787744,68400,7936985,25198485.32,31631,77358,512,1.5740,79789478392
grid,199809,797448,adjmap,neighbors-batch,4,200000,64517486,13692480,12787744,136800,4445203,44992320.94,39126,99568,512,1.5485,79789478392
grid,199809,797448,adjmap,neighbors-batch,1,2000000,64517486,13692480,12787744,34200,128078183,15615462.00,31452,67617,512,1.1549,797719240166
grid,199809,797448,adjmap,neighbors-batch,2,2000000,64517486,13692480,12787744,68400,69249864,28880923.15,32849,78402,512,1.2095,797719240166
grid,199809,797448,adjmap,neighbors-batch,4,2000000,64517486,13692480,12787744,136800,38030153,52589848.90,34866,85941,512,1.1637,797719240166
grid,199809,797448,adjmap,hasedge,1,200000,64517486,13692480,12787744,34200,19527381,10242028.87,193974,236668,2048,1.1270,100002
grid,199809,797448,adjmap,hasedge,2,200000,64517486,13692480,12787744,68400,10048984,19902509.55,196649,271174,2048,1.1523,100002
grid,199809,797448,adjmap,hasedge,4,200000,64517486,13692480,12787744,136800,5179360,38614809.55,196857,288273,2048,1.0839,100002
grid,199809,797448,adjmap,hasedge,1,2000000,64517486,13692480,12787744,34200,175517693,11394862.63,173673,238763,2048,1.2306,1000016
grid,199809,797448,adjmap,hasedge,2,2000000,64517486,13692480,12787744,68400,94369470,21193294.82,188756,271321,2048,1.0469,1000016
grid,199809,797448,adjmap,hasedge,4,2000000,64517486,13692480,12787744,136800,46165817,43322096.95,174798,296853,2048,1.1442,1000016
grid,199809,797448,adjlist,neighbors,1,200000,12832841,7997504,7992352,34200,8302817,24088210.06,19476,55503,512,1.0533,80071001957
grid,199809,797448,adjlist,neighbors,2,200000,12832841,7997504,7992352,68400,6063920,32981965.46,22847,88848,512,1.0381,80071001957
grid,199809,797448,adjlist,neighbors,4,200000,12832841,7997504,7992352,136800,2468902,81007670.62,22323,64558,512,1.0869,80071001957
grid,199809,797448,adjlist,neighbors,1,2000000,12832841,7997504,7992352,34200,87975319,22733648.74,20585,57841,512,1.1335,797639058804
grid,199809,797448,adjlist,neighbors,2,2000000,12832841,7997504,7992352,68400,47920270,41735991.89,21301,67974,512,1.2153,797639058804
grid,199809,797448,adjlist,neighbors,4,2000000,12832841,7997504,7992352,136800,25580701,78183940.31,23642,68346,512,1.1857,797639058804
grid,199809,797448,adjlist,neighbors-batch,1,200000,12832841,7997504,7992352,34200,7496904,26677679.21,17779,54656,512,1.3218,79789478392
grid,199809,797448,adjlist,neighbors-batch,2,200000,12832841,7997504,7992352,68400,3536544,56552385.61,17093,53198,512,1.1125,79789478392
grid,199809,797448,adjlist,neighbors-batch,4,200000,12832841,7997504,7992352,136800,1915325,104420920.73,17768,51811,512,1.1428,79789478392
grid,199809,797448,adjlist,neighbors-batch,1,2000000,12832841,7997504,7992352,34200,73307671,27282274.46,17295,53528,512,1.0480,797719240166
grid,199809,797448,adjlist,neighbors-batch,2,2000000,12832841,7997504,7992352,68400,37592463,53202153.85,18217,56429,512,1.0722,797719240166
grid,199809,797448,adjlist,neighbors-batch,4,2000000,12832841,7997504,7992352,136800,20295816,98542477.92,18216,58943,512,1.0540,797719240166
grid,199809,797448,adjlist,hasedge,1,200000,12832841,7997504,7992352,34200,7973800,25082144.02,73366,142825,2048,1.1362,100002
grid,199809,797448,adjlist,hasedge,2,200000,12832841,7997504,7992352,68400,4257041,46980989.85,81204,143847,2048,1.0559,100002
grid,199809,797448,adjlist,hasedge,4,200000,12832841,7997504,7992352,136800,2624285,76211234.68,98592,187033,2048,1.0592,100002
grid,199809,797448,adjlist,hasedge,1,2000000,12832841,7997504,7992352,34200,70484224,28375143.92,65894,119834,2048,1.2552,1000016
grid,199809,797448,adjlist,hasedge,2,2000000,12832841,7997504,7992352,68400,38413119,52065545.63,69623,186106,2048,1.0878,1000016
grid,199809,797448,adjlist,hasedge,4,2000000,12832841,7997504,7992352,136800,20680217,96710784.03,81135,155833,2048,1.1319,1000016
grid,199809,797448,adjlist-exact,neighbors,1,200000,9606325,7997472,7985232,34200,8348764,23955641.82,19155,56918,512,1.2441,80071001957
grid,199809,797448,adjlist-exact,neighbors,2,200000,9606325,7997472,7985232,68400,5561057,35964385.91,24835,71378,512,1.1672,80071001957
grid,199809,797448,adjlist-exact,neighbors,4,200000,9606325,7997472,7985232,136800,2504885,79843984.85,22542,71259,512,1.1919,80071001957
grid,199809,797448,adjlist-exact,neighbors,1,2000000,9606325,7997472,7985232,34200,100857572,19829943.95,22798,69024,512,1.0493,797639058804
grid,199809,797448,adjlist-exact,neighbors,2,2000000,9606325,7997472,7985232,68400,41819926,47824092.28,20102,60207,512,1.1328,797639058804
grid,199809,797448,adjlist-exact,neighbors,4,2000000,9606325,7997472,7985232,136800,26454327,75601998.87,22557,83765,512,1.0755,797639058804
grid,199809,797448,adjlist-exact,neighbors-batch,1,200000,9606325,7997472,7985232,34200,7299361,27399658.68,17178,56518,512,1.0683,79789478392
grid,199809,797448,adjlist-exact,neighbors-batch,2,200000,9606325,7997472,7985232,68400,3286979,60846144.74,14709,52177,512,1.1634,79789478392
grid,199809,797448,adjlist-exact,neighbors-batch,4,200000,9606325,7997472,7985232,136800,1715443,116587960.08,15246,50584,512,1.0962,79789478392
grid,199809,797448,adjlist-exact,neighbors-batch,1,2000000,9606325,7997472,7985232,34200,62666778,31914836.92,14433,49208,512,1.3336,797719240166
grid,199809,797448,adjlist-exact,neighbors-batch,2,2000000,9606325,7997472,7985232,68400,33354716,59961535.87,14722,54036,512,1.2562,797719240166
grid,199809,797448,adjlist-exact,neighbors-batch,4,2000000,9606325,7997472,7985232,136800,17532862,114071507.55,17020,53194,512,1.3118,797719240166
grid,199809,797448,adjlist-exact,hasedge,1,200000,9606325,7997472,7985232,34200,6835638,29258424.74,64094,155989,2048,1.2117,100002
grid,199809,797448,adjlist-exact,hasedge,2,200000,9606325,7997472,7985232,68400,3883669,51497694.58,77159,149326,2048,1.0423,100002
grid,199809,797448,adjlist-exact,hasedge,4,200000,9606325,7997472,7985232,136800,2019298,99044321.34,76857,130436,2048,1.0665,100002
grid,199809,797448,adjlist-exact,hasedge,1,2000000,9606325,7997472,7985232,34200,67928907,29442546.46,62702,146996,2048,1.4751,1000016
grid,199809,797448,adjlist-exact,hasedge,2,2000000,9606325,7997472,7985232,68400,33994920,58832319.65,62620,125423,2048,1.3881,1000016
grid,199809,797448,adjlist-exact,hasedge,4,2000000,9606325,7997472,7985232,136800,19941011,100295817.50,75209,163741,2048,1.0864,1000016
grid,199809,797448,csr,neighbors,1,200000,7988512,3997744,3989080,34200,7711983,25933667.13,18444,52109,512,1.0909,80071001957
grid,199809,797448,csr,neighbors,2,200000,7988512,3997744,3989080,68400,3661603,54620885.99,17672,50601,512,1.0555,80071001957
grid,199809,797448,csr,neighbors,4,200000,7988512,3997744,3989080,136800,1927044,103785902.14,17847,50233,512,1.1156,80071001957
grid,199809,797448,csr,neighbors,1,2000000,7988512,3997744,3989080,34200,72443515,27607716.16,16352,52310,512,1.3021,797639058804
grid,199809,797448,csr,neighbors,2,2000000,7988512,3997744,3989080,68400,39506447,50624648.68,18470,53015,512,1.2128,797639058804
grid,199809,797448,csr,neighbors,4,2000000,7988512,3997744,3989080,136800,20168217,99165930.24,18337,55950,512,1.1885,797639058804
grid,199809,797448,csr,neighbors-batch,1,200000,7988512,3997744,3989080,34200,5509602,36300262.71,13045,48924,512,1.1495,79789478392
grid,199809,797448,csr,neighbors-batch,2,200000,7988512,3997744,3989080,68400,2898429,69002897.78,13164,43235,512,1.1449,79789478392
grid,199809,797448,csr,neighbors-batch,4,200000,7988512,3997744,3989080,136800,1563593,127910524.03,13619,47435,512,1.0419,79789478392
grid,199809,797448,csr,neighbors-batch,1,2000000,7988512,3997744,3989080,34200,55898619,35779059.23,12858,45515,512,1.0556,797719240166
grid,199809,797448,csr,neighbors-batch,2,2000000,7988512,3997744,3989080,68400,26984934,74115430.48,12814,44765,512,1.7447,797719240166
grid,199809,797448,csr,neighbors-batch,4,2000000,7988512,3997744,3989080,136800,12691868,157581216.57,11972,42005,512,1.1934,797719240166
grid,199809,797448,csr,hasedge,1,200000,7988512,3997744,3989080,34200,7698288,25979802.26,74142,114090,2048,1.0605,100002
grid,199809,797448,csr,hasedge,2,200000,7988512,3997744,3989080,68400,3568888,56039864.52,72108,117640,2048,1.2095,100002
grid,199809,797448,csr,hasedge,4,200000,7988512,3997744,3989080,136800,2029134,98564215.08,74007,112446,2048,1.0794,100002
grid,199809,797448,csr,hasedge,1,2000000,7988512,3997744,3989080,34200,79450303,25172968.82,74540,128299,2048,1.0707,1000016
grid,199809,797448,csr,hasedge,2,2000000,7988512,3997744,3989080,68400,40229679,49714540.35,76910,128328,2048,1.0314,1000016
grid,199809,797448,csr,hasedge,4,2000000,7988512,3997744,3989080,136800,18987382,105333110.17,75719,130498,2048,1.1255,1000016
grid,199809,797448,csr-slices,neighbors,1,200000,9123013,7995440,7985256,34200,7787723,25681447.58,18682,53504,512,1.0277,80071001957
grid,199809,797448,csr-slices,neighbors,2,200000,9123013,7995440,7985256,68400,4151685,48173211.60,19527,54247,512,1.0572,80071001957
grid,199809,797448,csr-slices,neighbors,4,200000,9123013,7995440,7985256,136800,2307484,86674490.48,21146,68488,512,1.1769,80071001957
grid,199809,797448,csr-slices,neighbors,1,2000000,9123013,7995440,7985256,34200,76502191,26143042.10,17939,54177,512,1.1370,797639058804
grid,199809,797448,csr-slices,neighbors,2,2000000,9123013,7995440,7985256,68400,37506555,53324012.30,17675,52143,512,1.0224,797639058804
grid,199809,797448,csr-slices,neighbors,4,2000000,9123013,7995440,7985256,136800,23200212,86206108.81,20229,65709,512,1.1121,797639058804
grid,199809,797448,csr-slices,neighbors-batch,1,200000,9123013,7995440,7985256,34200,7790803,25671294.73,17723,66811,512,1.0123,79789478392
grid,199809,797448,csr-slices,neighbors-batch,2,200000,9123013,7995440,7985256,68400,3724703,53695556.40,17357,54254,512,1.0481,79789478392
grid,199809,797448,csr-slices,neighbors-batch,4,200000,9123013,7995440,7985256,136800,2258515,88553762.10,19252,60667,512,1.1636,79789478392
grid,199809,797448,csr-slices,neighbors-batch,1,2000000,9123013,7995440,7985256,34200,65796538,30396736.07,14801,49604,512,1.6509,797719240166
grid,199809,797448,csr-slices,neighbors-batch,2,2000000,9123013,7995440,7985256,68400,34149929,58565275.49,16300,51445,512,1.0566,797719240166
grid,199809,797448,csr-slices,neighbors-batch,4,2000000,9123013,7995440,7985256,136800,17291006,115667069.92,14759,52869,512,1.0383,797719240166
grid,199809,797448,csr-slices,hasedge,1,200000,9123013,7995440,7985256,34200,8434962,23710835.92,79504,136308,2048,1.2496,100002
grid,199809,797448,csr-slices,hasedge,2,200000,9123013,7995440,7985256,68400,3952995,50594549.20,75863,132692,2048,1.0705,100002
grid,199809,797448,csr-slices,hasedge,4,200000,9123013,7995440,7985256,136800,2192869,91204718.57,75810,144928,2048,1.0340,100002
grid,199809,797448,csr-slices,hasedge,1,2000000,9123013,7995440,7985256,34200,71682066,27900981.54,67716,116725,2048,1.0237,1000016
grid,199809,797448,csr-slices,hasedge,2,2000000,9123013,7995440,7985256,68400,37981127,52657731.83,74060,129965,2048,1.0235,1000016
grid,199809,797448,csr-slices,hasedge,4,2000000,9123013,7995440,7985256,136800,19912244,100440713.76,75794,136773,2048,1.0787,1000016
grid,199809,797448,edgelist,neighbors,1,200000,2725136,6381600,6379608,34200,34581005,5783521.91,82737,130578,512,1.0704,80071001957
grid,199809,797448,edgelist,neighbors,2,200000,2725136,6381600,6379608,68400,17063726,11720769.54,81866,130803,512,1.1233,80071001957
grid,199809,797448,edgelist,neighbors,4,200000,2725136,6381600,6379608,136800,9829006,20347937.52,96748,164518,512,1.2034,80071001957
grid,199809,797448,edgelist,neighbors,1,2000000,2725136,6381600,6379608,34200,388052413,5153942.95,91422,154328,512,1.2029,797639058804
grid,199809,797448,edgelist,neighbors,2,2000000,2725136,6381600,6379608,68400,186554312,10720738.53,86237,164106,512,1.2294,797639058804
grid,199809,797448,edgelist,neighbors,4,2000000,2725136,6381600,6379608,136800,94482277,21167991.11,95144,153229,512,1.2523,797639058804
grid,199809,797448,edgelist,neighbors-batch,1,200000,2725136,6381600,6379608,34200,35025721,5710089.45,82612,146254,512,1.3152,79789478392
grid,199809,797448,edgelist,neighbors-batch,2,200000,2725136,6381600,6379608,68400,18158670,11014022.50,88346,139568,512,1.0531,79789478392
grid,199809,797448,edgelist,neighbors-batch,4,200000,2725136,6381600,6379608,136800,10345085,19332852.27,97729,168621,512,1.0316,79789478392
grid,199809,797448,edgelist,neighbors-batch,1,2000000,2725136,6381600,6379608,34200,436331193,4583674.13,102368,199818,512,1.0553,797719240166
grid,199809,797448,edgelist,neighbors-batch,2,2000000,2725136,6381600,6379608,68400,176740884,11316000.89,83348,153154,512,1.3521,797719240166
grid,199809,797448,edgelist,neighbors-batch,4,2000000,2725136,6381600,6379608,136800,95939627,20846443.36,87901,169518,512,1.2221,797719240166
grid,199809,797448,edgelist,hasedge,1,200000,2725136,6381600,6379608,34200,34434553,5808119.54,341888,460127,2048,1.0343,100002
grid,199809,797448,edgelist,hasedge,2,200000,2725136,6381600,6379608,68400,18593267,10756581.94,355049,773031,2048,1.1600,100002
grid,199809,797448,edgelist,hasedge,4,200000,2725136,6381600,6379608,136800,9256577,21606258.99,357274,518587,2048,1.1768,100002
grid,199809,797448,edgelist,hasedge,1,2000000,2725136,6381600,6379608,34200,410023537,4877768.76,418270,531862,2048,1.1868,1000016
grid,199809,797448,edgelist,hasedge,2,2000000,2725136,6381600,6379608,68400,184194145,10858108.44,374340,553270,2048,1.1648,1000016
grid,199809,797448,edgelist,hasedge,4,2000000,2725136,6381600,6379608,136800,95213459,21005433.70,376677,652578,2048,1.1372,1000016
grid,199809,797448,varint-csr,neighbors,1,200000,12139493,2801728,2793802,34200,10812266,18497510.14,26016,61093,512,1.0901,80071001957
grid,199809,797448,varint-csr,neighbors,2,200000,12139493,2801728,2793802,68400,5433223,36810563.45,26097,57918,512,1.0215,80071001957
grid,199809,797448,varint-csr,neighbors,4,200000,12139493,2801728,2793802,136800,2892270,69149837.33,25424,58896,512,1.1731,80071001957
grid,199809,797448,varint-csr,neighbors,1,2000000,12139493,2801728,2793802,34200,109705281,18230662.93,24973,67926,512,1.6208,797639058804
grid,199809,797448,varint-csr,neighbors,2,2000000,12139493,2801728,2793802,68400,54240639,36872721.95,24300,66600,512,1.2164,797639058804
grid,199809,797448,varint-csr,neighbors,4,2000000,12139493,2801728,2793802,136800,28407578,70403749.31,26141,65648,512,1.1807,797639058804
grid,199809,797448,varint-csr,neighbors-batch,1,200000,12139493,2801728,2793802,34200,10786208,18542197.59,25768,61416,512,1.1413,79789478392
grid,199809,797448,varint-csr,neighbors-batch,2,200000,12139493,2801728,2793802,68400,5413035,36947849.03,25282,63696,512,1.0734,79789478392
grid,199809,797448,varint-csr,neighbors-batch,4,200000,12139493,2801728,2793802,136800,2712077,73744218.91,24759,55698,512,1.0699,79789478392
grid,199809,797448,varint-csr,neighbors-batch,1,2000000,12139493,2801728,2793802,34200,106439731,18789976.09,25185,63218,512,1.4371,797719240166
grid,199809,797448,varint-csr,neighbors-batch,2,2000000,12139493,2801728,2793802,68400,53084697,37675641.25,25028,60598,512,1.1063,797719240166
grid,199809,797448,varint-csr,neighbors-batch,4,2000000,12139493,2801728,2793802,136800,25186740,79406862.50,23334,59064,512,1.1317,797719240166
grid,199809,797448,varint-csr,hasedge,1,200000,12139493,2801728,2793802,34200,9996286,20007430.76,92159,324899,2048,1.2030,100002
grid,199809,797448,varint-csr,hasedge,2,200000,12139493,2801728,2793802,68400,5063385,39499267.78,98414,177855,2048,1.4109,100002
grid,199809,797448,varint-csr,hasedge,4,200000,12139493,2801728,2793802,136800,2993585,66809527.71,109676,285090,2048,1.4218,100002
grid,199809,797448,varint-csr,hasedge,1,2000000,12139493,2801728,2793802,34200,93335811,21428002.59,89316,149043,2048,1.2719,1000016
grid,199809,797448,varint-csr,hasedge,2,2000000,12139493,2801728,2793802,68400,47260946,42318238.83,90378,150010,2048,1.0359,1000016
grid,199809,797448,varint-csr,hasedge,4,2000000,12139493,2801728,2793802,136800,24168162,82753500.25,91083,157128,2048,1.3044,1000016
grid,199809,797448,hybrid,neighbors,1,200000,9813375,4827920,4813372,34200,8376328,23876810.94,19647,59085,512,1.2776,80071001957
grid,199809,797448,hybrid,neighbors,2,200000,9813375,4827920,4813372,68400,3744256,53415151.10,17121,53276,512,1.4663,80071001957
grid,199809,797448,hybrid,neighbors,4,200000,9813375,4827920,4813372,136800,2432545,82218417.34,22405,67479,512,1.0614,80071001957
grid,199809,797448,hybrid,neighbors,1,2000000,9813375,4827920,4813372,34200,68483403,29204156.22,15841,48805,512,1.3901,797639058804
grid,199809,797448,hybrid,neighbors,2,2000000,9813375,4827920,4813372,68400,37199492,53764175.06,16901,51434,512,1.2228,797639058804
grid,199809,797448,hybrid,neighbors,4,2000000,9813375,4827920,4813372,136800,19260584,103839011.32,18327,52671,512,1.1433,797639058804
grid,199809,797448,hybrid,neighbors-batch,1,200000,9813375,4827920,4813372,34200,5779648,34604183.51,13760,45150,512,1.3047,79789478392
grid,199809,797448,hybrid,neighbors-batch,2,200000,9813375,4827920,4813372,68400,2922022,68445754.34,13727,44923,512,1.0557,79789478392
grid,199809,797448,hybrid,neighbors-batch,4,200000,9813375,4827920,4813372,136800,1430213,139839310.65,13295,39199,512,1.1462,79789478392
grid,199809,797448,hybrid,neighbors-batch,1,2000000,9813375,4827920,4813372,34200,55990548,35720314.79,13381,45405,512,1.1029,797719240166
grid,199809,797448,hybrid,neighbors-batch,2,2000000,9813375,4827920,4813372,68400,29851869,66997480.12,13924,46763,512,1.0441,797719240166
grid,199809,797448,hybrid,neighbors-batch,4,2000000,9813375,4827920,4813372,136800,13314308,150214340.84,11335,45872,512,1.1266,797719240166
grid,199809,797448,hybrid,hasedge,1,200000,9813375,4827920,4813372,34200,8117551,24637972.71,77794,119990,2048,1.0989,100002
grid,199809,797448,hybrid,hasedge,2,200000,9813375,4827920,4813372,68400,3741552,53453753.95,73970,119816,2048,1.3450,100002
grid,199809,797448,hybrid,hasedge,4,200000,9813375,4827920,4813372,136800,2087241,95820271.83,78682,126192,2048,1.0974,100002
grid,199809,797448,hybrid,hasedge,1,2000000,9813375,4827920,4813372,34200,70131216,28517971.23,66881,114097,2048,1.2277,1000016
grid,199809,797448,hybrid,hasedge,2,2000000,9813375,4827920,4813372,68400,35755151,55935996.47,68683,114434,2048,1.0409,1000016
grid,199809,797448,hybrid,hasedge,4,2000000,9813375,4827920,4813372,136800,19322400,103506810.75,69757,157119,2048,1.0561,1000016
grid,1000000,3996000,adjmap,neighbors,1,200000,432003477,99764352,63999968,134216,19870091,10065379.17,47056,87866,512,1.8858,401238616564
grid,1000000,3996000,adjmap,neighbors,2,200000,432003477,99764352,63999968,268432,10942074,18278070.50,49674,176249,512,1.2149,401238616564
grid,1000000,3996000,adjmap,neighbors,4,200000,432003477,99764352,63999968,536864,4960270,40320385.79,46770,95615,512,1.1015,401238616564
grid,1000000,3996000,adjmap,neighbors,1,2000000,432003477,99764352,63999968,134216,212093604,9429798.74,49242,105406,512,1.2817,3996882821034
grid,1000000,3996000,adjmap,neighbors,2,2000000,432003477,99764352,63999968,268432,103167758,19385901.55,49005,100509,512,1.5829,3996882821034
grid,1000000,3996000,adjmap,neighbors,4,2000000,432003477,99764352,63999968,536864,50468887,39628375.40,47982,99380,512,1.0726,3996882821034
grid,1000000,3996000,adjmap,neighbors-batch,1,200000,432003477,99764352,63999968,134216,19419705,10298817.62,44867,105829,512,1.1056,399770767533
grid,1000000,3996000,adjmap,neighbors-batch,2,200000,432003477,99764352,63999968,268432,9326209,21444940.81,43678,95872,512,1.0772,399770767533
grid,1000000,3996000,adjmap,neighbors-batch,4,200000,432003477,99764352,63999968,536864,4879749,40985714.63,45034,88457,512,1.1786,399770767533
grid,1000000,3996000,adjmap,neighbors-batch,1,2000000,432003477,99764352,63999968,134216,202582187,9872536.33,46179,109634,512,1.3064,3997377773882
grid,1000000,3996000,adjmap,neighbors-batch,2,2000000,432003477,99764352,63999968,268432,94429970,21179716.57,44754,89900,512,1.4798,3997377773882
grid,1000000,3996000,adjmap,neighbors-batch,4,2000000,432003477,99764352,63999968,536864,52032677,38437384.26,46279,106627,512,1.3775,3997377773882
grid,1000000,3996000,adjmap,hasedge,1,200000,432003477,99764352,63999968,134216,26342730,7592227.53,259624,459506,2048,1.0528,100002
grid,1000000,3996000,adjmap,hasedge,2,200000,432003477,99764352,63999968,268432,12763336,15669884.43,249035,327974,2048,1.0958,100002
grid,1000000,3996000,adjmap,hasedge,4,200000,432003477,99764352,63999968,536864,6885025,29048551.02,260080,394700,2048,1.3316,100002
grid,1000000,3996000,adjmap,hasedge,1,2000000,432003477,99764352,63999968,134216,270421906,7395850.54,266704,466113,2048,1.5389,1000006
grid,1000000,3996000,adjmap,hasedge,2,2000000,432003477,99764352,63999968,268432,133842335,14942955.08,258044,467865,2048,1.2127,1000006
grid,1000000,3996000,adjmap,hasedge,4,2000000,432003477,99764352,63999968,536864,62287187,32109332.53,249621,394160,2048,1.1445,1000006
grid,1000000,3996000,adjlist,neighbors,1,200000,68991633,40002624,39999992,134216,15665452,12766947.29,33713,276084,512,1.1515,401238616564
grid,1000000,3996000,adjlist,neighbors,2,200000,68991633,40002624,39999992,268432,7850346,25476584.09,36175,92502,512,1.3298,401238616564
grid,1000000,3996000,adjlist,neighbors,4,200000,68991633,40002624,39999992,536864,4003722,49953518.25,37369,84055,512,1.5876,401238616564
grid,1000000,3996000,adjlist,neighbors,1,2000000,68991633,40002624,39999992,134216,158846775,12590749.80,36338,104024,512,1.2769,3996882821034
grid,1000000,3996000,adjlist,neighbors,2,2000000,68991633,40002624,39999992,268432,69124424,28933333.32,33003,81320,512,1.1635,3996882821034
grid,1000000,3996000,adjlist,neighbors,4,2000000,68991633,40002624,39999992,536864,35110570,56962903.19,31958,86719,512,1.0558,3996882821034
grid,1000000,3996000,adjlist,neighbors-batch,1,200000,68991633,40002624,39999992,134216,8489543,23558394.13,18868,62222,512,2.1355,399770767533
grid,1000000,3996000,adjlist,neighbors-batch,2,200000,68991633,40002624,39999992,268432,4475494,44687804.30,19496,67114,512,1.2120,399770767533
grid,1000000,3996000,adjlist,neighbors-batch,4,200000,68991633,40002624,39999992,536864,2398796,83375159.87,22265,79760,512,1.1246,399770767533
grid,1000000,3996000,adjlist,neighbors-batch,1,2000000,68991633,40002624,39999992,134216,112417467,17790829.60,26876,66473,512,1.2327,3997377773882
grid,1000000,3996000,adjlist,neighbors-batch,2,2000000,68991633,40002624,39999992,268432,48606665,41146620.53,22990,67422,512,1.1881,3997377773882
grid,1000000,3996000,adjlist,neighbors-batch,4,2000000,68991633,40002624,39999992,536864,24070658,83088713.24,22217,64035,512,1.0308,3997377773882
grid,1000000,3996000,adjlist,hasedge,1,200000,68991633,40002624,39999992,134216,10584531,18895499.48,98284,159897,2048,1.0756,100002
grid,1000000,3996000,adjlist,hasedge,2,200000,68991633,40002624,39999992,268432,5419587,36903181.00,100132,157876,2048,2.2037,100002
grid,1000000,3996000,adjlist,hasedge,4,200000,68991633,40002624,39999992,536864,2762195,72406184.21,98799,166247,2048,3.2198,100002
grid,1000000,3996000,adjlist,hasedge,1,2000000,68991633,40002624,39999992,134216,102406111,19530084.49,93566,193294,2048,1.1730,1000006
grid,1000000,3996000,adjlist,hasedge,2,2000000,68991633,40002624,39999992,268432,53950139,37071266.86,100554,173574,2048,1.0560,1000006
grid,1000000,3996000,adjlist,hasedge,4,2000000,68991633,40002624,39999992,536864,26540879,75355454.50,99385,221206,2048,1.3336,1000006
grid,1000000,3996000,adjlist-exact,neighbors,1,200000,52488517,40002576,39984024,134216,12205852,16385582.92,28313,73729,512,1.1419,401238616564
grid,1000000,3996000,adjlist-exact,neighbors,2,200000,52488517,40002576,39984024,268432,6530624,30624944.88,29655,74589,512,1.0910,401238616564
grid,1000000,3996000,adjlist-exact,neighbors,4,200000,52488517,40002576,39984024,536864,3483778,57408939.38,30205,81213,512,1.1132,401238616564
grid,1000000,3996000,adjlist-exact,neighbors,1,2000000,52488517,40002576,39984024,134216,111270439,17974225.84,26291,61854,512,1.1287,3996882821034
grid,1000000,3996000,adjlist-exact,neighbors,2,2000000,52488517,40002576,39984024,268432,59418866,33659343.15,28340,70044,512,1.1363,3996882821034
grid,1000000,3996000,adjlist-exact,neighbors,4,2000000,52488517,40002576,39984024,536864,31446358,63600369.87,28756,72822,512,1.1614,3996882821034
grid,1000000,3996000,adjlist-exact,neighbors-batch,1,200000,52488517,40002576,39984024,134216,9325093,21447507.28,21876,62065,512,1.0472,399770767533
grid,1000000,3996000,adjlist-exact,neighbors-batch,2,200000,52488517,40002576,39984024,268432,4827424,41429963.48,22815,63705,512,1.0903,399770767533
grid,1000000,3996000,adjlist-exact,neighbors-batch,4,200000,52488517,40002576,39984024,536864,2338655,85519240.76,21743,59870,512,1.0491,399770767533
grid,1000000,3996000,adjlist-exact,neighbors-batch,1,2000000,52488517,40002576,39984024,134216,77915379,25668873.41,18626,50508,512,1.2294,3997377773882
grid,1000000,3996000,adjlist-exact,neighbors-batch,2,2000000,52488517,40002576,39984024,268432,43543656,45930915.86,20599,58569,512,1.1364,3997377773882
grid,1000000,3996000,adjlist-exact,neighbors-batch,4,2000000,52488517,40002576,39984024,536864,28730600,69612190.49,22221,82103,512,1.2336,3997377773882
grid,1000000,3996000,adjlist-exact,hasedge,1,200000,52488517,40002576,39984024,134216,10323101,19374023.37,96136,187037,2048,1.0268,100002
grid,1000000,3996000,adjlist-exact,hasedge,2,200000,52488517,40002576,39984024,268432,4693782,42609563.03,93471,196404,2048,1.0492,100002
grid,1000000,3996000,adjlist-exact,hasedge,4,200000,52488517,40002576,39984024,536864,3365996,59417777.09,147747,208320,2048,1.0862,100002
grid,1000000,3996000,adjlist-exact,hasedge,1,2000000,52488517,40002576,39984024,134216,82126891,24352559.50,76080,135501,2048,1.1973,1000006
grid,1000000,3996000,adjlist-exact,hasedge,2,2000000,52488517,40002576,39984024,268432,51142299,39106572.04,96806,168036,2048,1.0532,1000006
grid,1000000,3996000,adjlist-exact,hasedge,4,2000000,52488517,40002576,39984024,536864,25245042,79223476.83,93096,179791,2048,1.2394,1000006
grid,1000000,3996000,csr,neighbors,1,200000,34513018,19996720,19984052,134216,11515086,17368519.87,26334,81765,512,1.0848,401238616564
grid,1000000,3996000,csr,neighbors,2,200000,34513018,19996720,19984052,268432,6156753,32484655.47,28027,72628,512,1.1256,401238616564
grid,1000000,3996000,csr,neighbors,4,200000,34513018,19996720,19984052,536864,3185787,62778836.12,28321,77147,512,1.0565,401238616564
grid,1000000,3996000,csr,neighbors,1,2000000,34513018,19996720,19984052,134216,106692526,18745455.52,25302,67916,512,1.1877,3996882821034
grid,1000000,3996000,csr,neighbors,2,2000000,34513018,19996720,19984052,268432,57659143,34686606.42,26193,79972,512,1.1670,3996882821034
grid,1000000,3996000,csr,neighbors,4,2000000,34513018,19996720,19984052,536864,26293907,76063249.18,24463,67606,512,1.1153,3996882821034
grid,1000000,3996000,csr,neighbors-batch,1,200000,34513018,19996720,19984052,134216,7288185,27441674.44,17202,51375,512,1.0654,399770767533
grid,1000000,3996000,csr,neighbors-batch,2,200000,34513018,19996720,19984052,268432,4054084,49332968.93,18060,61577,512,1.1290,399770767533
grid,1000000,3996000,csr,neighbors-batch,4,200000,34513018,19996720,19984052,536864,2289743,87346047.13,20978,71661,512,1.1577,399770767533
grid,1000000,3996000,csr,neighbors-batch,1,2000000,34513018,19996720,19984052,134216,89695667,22297621.13,21092,60890,512,1.2449,3997377773882
grid,1000000,3996000,csr,neighbors-batch,2,2000000,34513018,19996720,19984052,268432,45374349,44077767.37,20907,61329,512,1.0612,3997377773882
grid,1000000,3996000,csr,neighbors-batch,4,2000000,34513018,19996720,19984052,536864,19077548,104835275.48,16763,52196,512,1.0451,3997377773882
grid,1000000,3996000,csr,hasedge,1,200000,34513018,19996720,19984052,134216,8277327,24162389.62,78643,149182,2048,1.0531,100002
grid,1000000,3996000,csr,hasedge,2,200000,34513018,19996720,19984052,268432,4797530,41688118.68,97572,145370,2048,1.0843,100002
grid,1000000,3996000,csr,hasedge,4,200000,34513018,19996720,19984052,536864,2473872,80844926.50,96422,144699,2048,1.1140,100002
grid,1000000,3996000,csr,hasedge,1,2000000,34513018,19996720,19984052,134216,97505692,20511623.05,87892,175358,2048,1.1117,1000006
grid,1000000,3996000,csr,hasedge,2,2000000,34513018,19996720,19984052,268432,44993820,44450548.99,83241,155365,2048,1.0690,1000006
grid,1000000,3996000,csr,hasedge,4,2000000,34513018,19996720,19984052,536864,24901910,80315124.42,91502,202000,2048,1.1082,1000006
grid,1000000,3996000,csr-slices,neighbors,1,200000,57339432,39993392,39984048,134216,12513115,15983230.39,29006,73508,512,1.0626,401238616564
grid,1000000,3996000,csr-slices,neighbors,2,200000,57339432,39993392,39984048,268432,6140690,32569629.80,28973,75798,512,1.2036,401238616564
grid,1000000,3996000,csr-slices,neighbors,4,200000,57339432,39993392,39984048,536864,3676576,54398440.29,31091,83220,512,1.4962,401238616564
grid,1000000,3996000,csr-slices,neighbors,1,2000000,57339432,39993392,39984048,134216,131830838,15170957.19,29901,79435,512,1.2801,3996882821034
grid,1000000,3996000,csr-slices,neighbors,2,2000000,57339432,39993392,39984048,268432,64233758,31136275.73,29034,74290,512,1.3337,3996882821034
grid,1000000,3996000,csr-slices,neighbors,4,2000000,57339432,39993392,39984048,536864,32757179,61055318.59,29006,79370,512,1.0564,3996882821034
grid,1000000,3996000,csr-slices,neighbors-batch,1,200000,57339432,39993392,39984048,134216,9024887,22160942.29,21370,59190,512,1.7096,399770767533
grid,1000000,3996000,csr-slices,neighbors-batch,2,200000,57339432,39993392,39984048,268432,5012316,39901714.10,23312,65012,512,1.0586,399770767533
grid,1000000,3996000,csr-slices,neighbors-batch,4,200000,57339432,39993392,39984048,536864,2633873,75933805.46,22941,61431,512,1.2024,399770767533
grid,1000000,3996000,csr-slices,neighbors-batch,1,2000000,57339432,39993392,39984048,134216,86778241,23047252.13,20460,54471,512,1.3797,3997377773882
grid,1000000,3996000,csr-slices,neighbors-batch,2,2000000,57339432,39993392,39984048,268432,43755495,45708544.72,19471,61520,512,1.2077,3997377773882
grid,1000000,3996000,csr-slices,neighbors-batch,4,2000000,57339432,39993392,39984048,536864,23186166,86258331.80,22145,60870,512,1.4693,3997377773882
grid,1000000,3996000,csr-slices,hasedge,1,200000,57339432,39993392,39984048,134216,9711315,20594533.28,89799,180831,2048,1.0437,100002
grid,1000000,3996000,csr-slices,hasedge,2,200000,57339432,39993392,39984048,268432,5438223,36776719.16,98303,277864,2048,1.4455,100002
grid,1000000,3996000,csr-slices,hasedge,4,200000,57339432,39993392,39984048,536864,2745738,72840161.73,94591,215047,2048,1.3113,100002
grid,1000000,3996000,csr-slices,hasedge,1,2000000,57339432,39993392,39984048,134216,85892492,23284922.27,81555,139840,2048,1.5055,1000006
grid,1000000,3996000,csr-slices,hasedge,2,2000000,57339432,39993392,39984048,268432,48183015,41508402.91,82764,181060,2048,1.0584,1000006
grid,1000000,3996000,csr-slices,hasedge,4,2000000,57339432,39993392,39984048,536864,24268413,82411651.72,96882,176170,2048,1.0441,1000006
grid,1000000,3996000,edgelist,neighbors,1,200000,15195044,31973424,31968024,134216,73375356,2725710.80,182759,266267,512,1.1354,401238616564
grid,1000000,3996000,edgelist,neighbors,2,200000,15195044,31973424,31968024,268432,33728042,5929783.89,173907,260936,512,1.1992,401238616564
grid,1000000,3996000,edgelist,neighbors,4,200000,15195044,31973424,31968024,536864,23029318,8684581.98,238017,322587,512,1.0462,401238616564
grid,1000000,3996000,edgelist,neighbors,1,2000000,15195044,31973424,31968024,134216,628093240,3184240.61,151964,222437,512,1.2054,3996882821034
grid,1000000,3996000,edgelist,neighbors,2,2000000,15195044,31973424,31968024,268432,346263072,5775955.23,172561,270902,512,1.1191,3996882821034
grid,1000000,3996000,edgelist,neighbors,4,2000000,15195044,31973424,31968024,536864,179185468,11161619.42,180617,302975,512,1.1991,3996882821034
grid,1000000,3996000,edgelist,neighbors-batch,1,200000,15195044,31973424,31968024,134216,76134797,2626919.73,179470,298713,512,1.0710,399770767533
grid,1000000,3996000,edgelist,neighbors-batch,2,200000,15195044,31973424,31968024,268432,33952437,5890593.36,171913,233384,512,1.0998,399770767533
grid,1000000,3996000,edgelist,neighbors-batch,4,200000,15195044,31973424,31968024,536864,17773077,11252975.50,174718,266476,512,1.0719,399770767533
grid,1000000,3996000,edgelist,neighbors-batch,1,2000000,15195044,31973424,31968024,134216,626271006,3193505.66,151424,217590,512,1.3022,3997377773882
grid,1000000,3996000,edgelist,neighbors-batch,2,2000000,15195044,31973424,31968024,268432,315732473,6334476.72,153911,228580,512,1.1235,3997377773882
grid,1000000,3996000,edgelist,neighbors-batch,4,2000000,15195044,31973424,31968024,536864,185549596,10778789.30,178898,290211,512,1.1206,3997377773882
grid,1000000,3996000,edgelist,hasedge,1,200000,15195044,31973424,31968024,134216,61289484,3263202.54,625040,691916,2048,1.0070,100002
grid,1000000,3996000,edgelist,hasedge,2,200000,15195044,31973424,31968024,268432,30581225,6539960.38,614329,721286,2048,1.0618,100002
grid,1000000,3996000,edgelist,hasedge,4,200000,15195044,31973424,31968024,536864,16135969,12394669.33,638102,794288,2048,1.0322,100002
grid,1000000,3996000,edgelist,hasedge,1,2000000,15195044,31973424,31968024,134216,669323365,2988092.31,688579,839485,2048,1.1560,1000006
grid,1000000,3996000,edgelist,hasedge,2,2000000,15195044,31973424,31968024,268432,305831446,6539549.89,617980,860545,2048,1.2343,1000006
grid,1000000,3996000,edgelist,hasedge,4,2000000,15195044,31973424,31968024,536864,152621758,13104291.46,596653,1001322,2048,1.0345,1000006
grid,1000000,3996000,varint-csr,neighbors,1,200000,60150705,14000208,13992052,134216,18536895,10789293.46,44202,85598,512,1.0325,401238616564
grid,1000000,3996000,varint-csr,neighbors,2,200000,60150705,14000208,13992052,268432,10135142,19733319.97,46811,94785,512,1.0717,401238616564
grid,1000000,3996000,varint-csr,neighbors,4,200000,60150705,14000208,13992052,536864,4926987,40592759.83,44773,86280,512,1.0832,401238616564
grid,1000000,3996000,varint-csr,neighbors,1,2000000,60150705,14000208,13992052,134216,183010938,10928308.56,43302,87405,512,1.3048,3996882821034
grid,1000000,3996000,varint-csr,neighbors,2,2000000,60150705,14000208,13992052,268432,83806582,23864474.03,41552,88736,512,1.0858,3996882821034
grid,1000000,3996000,varint-csr,neighbors,4,2000000,60150705,14000208,13992052,536864,43931680,45525233.73,38064,104360,512,1.1210,3996882821034
grid,1000000,3996000,varint-csr,neighbors-batch,1,200000,60150705,14000208,13992052,134216,15925915,12558148.15,37389,97756,512,1.1971,399770767533
grid,1000000,3996000,varint-csr,neighbors-batch,2,200000,60150705,14000208,13992052,268432,8261926,24207430.57,39044,77496,512,1.0594,399770767533
grid,1000000,3996000,varint-csr,neighbors-batch,4,200000,60150705,14000208,13992052,536864,4558188,43877084.49,41701,104221,512,1.1653,399770767533
grid,1000000,3996000,varint-csr,neighbors-batch,1,2000000,60150705,14000208,13992052,134216,177761525,11251028.59,42855,99359,512,1.2432,3997377773882
grid,1000000,3996000,varint-csr,neighbors-batch,2,2000000,60150705,14000208,13992052,268432,78399659,25510315.04,35646,83615,512,1.3095,3997377773882
grid,1000000,3996000,varint-csr,neighbors-batch,4,2000000,60150705,14000208,13992052,536864,44200729,45248122.49,41814,92359,512,1.2099,3997377773882
grid,1000000,3996000,varint-csr,hasedge,1,200000,60150705,14000208,13992052,134216,16339708,12240120.81,157808,218540,2048,1.5508,100002
grid,1000000,3996000,varint-csr,hasedge,2,200000,60150705,14000208,13992052,268432,9033200,22140548.20,172710,314140,2048,1.1841,100002
grid,1000000,3996000,varint-csr,hasedge,4,200000,60150705,14000208,13992052,536864,4378832,45674280.26,165625,356528,2048,1.0354,100002
grid,1000000,3996000,varint-csr,hasedge,1,2000000,60150705,14000208,13992052,134216,146325598,13668148.48,140984,188879,2048,1.6876,1000006
grid,1000000,3996000,varint-csr,hasedge,2,2000000,60150705,14000208,13992052,268432,74013377,27022142.23,142625,214179,2048,1.1265,1000006
grid,1000000,3996000,varint-csr,hasedge,4,2000000,60150705,14000208,13992052,536864,40531227,49344669.48,161272,236028,2048,1.0933,1000006
grid,1000000,3996000,hybrid,neighbors,1,200000,67019039,24133776,24109124,134216,11644626,17175304.73,27713,73127,512,1.0809,401238616564
grid,1000000,3996000,hybrid,neighbors,2,200000,67019039,24133776,24109124,268432,6306859,31711506.47,29572,74128,512,1.0329,401238616564
grid,1000000,3996000,hybrid,neighbors,4,200000,67019039,24133776,24109124,536864,3174365,63004726.93,28844,73825,512,1.0695,401238616564
grid,1000000,3996000,hybrid,neighbors,1,2000000,67019039,24133776,24109124,134216,121241179,16496045.46,28393,73024,512,1.0452,3996882821034
grid,1000000,3996000,hybrid,neighbors,2,2000000,67019039,24133776,24109124,268432,60635814,32983807.23,27743,74110,512,1.0614,3996882821034
grid,1000000,3996000,hybrid,neighbors,4,2000000,67019039,24133776,24109124,536864,31972387,62553978.22,28122,83748,512,1.2583,3996882821034
grid,1000000,3996000,hybrid,neighbors-batch,1,200000,67019039,24133776,24109124,134216,9501418,21049489.67,21777,70925,512,1.0617,399770767533
grid,1000000,3996000,hybrid,neighbors-batch,2,200000,67019039,24133776,24109124,268432,4517846,44268883.89,20820,63429,512,1.0449,399770767533
grid,1000000,3996000,hybrid,neighbors-batch,4,200000,67019039,24133776,24109124,536864,2295828,87114539.94,20512,58917,512,1.0510,399770767533
grid,1000000,3996000,hybrid,neighbors-batch,1,2000000,67019039,24133776,24109124,134216,86962282,22998476.51,20646,60104,512,1.0473,3997377773882
grid,1000000,3996000,hybrid,neighbors-batch,2,2000000,67019039,24133776,24109124,268432,39313889,50872606.37,18174,55106,512,1.2018,3997377773882
grid,1000000,3996000,hybrid,neighbors-batch,4,2000000,67019039,24133776,24109124,536864,21371215,93583822.91,20329,60610,512,1.4054,3997377773882
grid,1000000,3996000,hybrid,hasedge,1,200000,67019039,24133776,24109124,134216,9954876,20090657.08,92030,178527,2048,1.0154,100002
grid,1000000,3996000,hybrid,hasedge,2,200000,67019039,24133776,24109124,268432,4982972,40136689.51,91800,161985,2048,1.1089,100002
grid,1000000,3996000,hybrid,hasedge,4,200000,67019039,24133776,24109124,536864,2716463,73625151.53,92902,152347,2048,1.0857,100002
grid,1000000,3996000,hybrid,hasedge,1,2000000,67019039,24133776,24109124,134216,109795981,18215602.99,101840,182020,2048,1.0436,1000006
grid,1000000,3996000,hybrid,hasedge,2,2000000,67019039,24133776,24109124,268432,50392131,39688736.32,100637,168463,2048,1.1010,1000006
grid,1000000,3996000,hybrid,hasedge,4,2000000,67019039,24133776,24109124,536864,26003862,76911652.58,100548,168030,2048,1.0976,1000006
